E-GEOD-64740		SRR1744350	characteristic	age	28 day
E-GEOD-64740		SRR1744350	characteristic	developmental stage	seedling developmental stage	http://purl.obolibrary.org/obo/PO_0007131
E-GEOD-64740		SRR1744350	characteristic	ecotype	C24 ecotype	http://www.ebi.ac.uk/efo/EFO_0006987
E-GEOD-64740		SRR1744350	characteristic	organism	Arabidopsis thaliana	http://purl.obolibrary.org/obo/NCBITaxon_3702
E-GEOD-64740		SRR1744350	characteristic	organism part	leaf	http://purl.obolibrary.org/obo/PO_0025034
E-GEOD-64740		SRR1744350	factor	age	28 day
E-GEOD-64740		SRR1744350	factor	ecotype	C24 ecotype	http://www.ebi.ac.uk/efo/EFO_0006987
E-GEOD-64740		SRR1744350	factor	organism part	leaf	http://purl.obolibrary.org/obo/PO_0025034
E-GEOD-64740		SRR1744351	characteristic	age	28 day
E-GEOD-64740		SRR1744351	characteristic	developmental stage	seedling developmental stage	http://purl.obolibrary.org/obo/PO_0007131
E-GEOD-64740		SRR1744351	characteristic	ecotype	C24 ecotype	http://www.ebi.ac.uk/efo/EFO_0006987
E-GEOD-64740		SRR1744351	characteristic	organism	Arabidopsis thaliana	http://purl.obolibrary.org/obo/NCBITaxon_3702
E-GEOD-64740		SRR1744351	characteristic	organism part	leaf	http://purl.obolibrary.org/obo/PO_0025034
E-GEOD-64740		SRR1744351	factor	age	28 day
E-GEOD-64740		SRR1744351	factor	ecotype	C24 ecotype	http://www.ebi.ac.uk/efo/EFO_0006987
E-GEOD-64740		SRR1744351	factor	organism part	leaf	http://purl.obolibrary.org/obo/PO_0025034
E-GEOD-64740		SRR1744352	characteristic	age	28 day
E-GEOD-64740		SRR1744352	characteristic	developmental stage	seedling developmental stage	http://purl.obolibrary.org/obo/PO_0007131
E-GEOD-64740		SRR1744352	characteristic	ecotype	C24 ecotype	http://www.ebi.ac.uk/efo/EFO_0006987
E-GEOD-64740		SRR1744352	characteristic	organism	Arabidopsis thaliana	http://purl.obolibrary.org/obo/NCBITaxon_3702
E-GEOD-64740		SRR1744352	characteristic	organism part	leaf	http://purl.obolibrary.org/obo/PO_0025034
E-GEOD-64740		SRR1744352	factor	age	28 day
E-GEOD-64740		SRR1744352	factor	ecotype	C24 ecotype	http://www.ebi.ac.uk/efo/EFO_0006987
E-GEOD-64740		SRR1744352	factor	organism part	leaf	http://purl.obolibrary.org/obo/PO_0025034
E-GEOD-64740		SRR1744353	characteristic	age	28 day
E-GEOD-64740		SRR1744353	characteristic	developmental stage	seedling developmental stage	http://purl.obolibrary.org/obo/PO_0007131
E-GEOD-64740		SRR1744353	characteristic	ecotype	C24 ecotype	http://www.ebi.ac.uk/efo/EFO_0006987
E-GEOD-64740		SRR1744353	characteristic	organism	Arabidopsis thaliana	http://purl.obolibrary.org/obo/NCBITaxon_3702
E-GEOD-64740		SRR1744353	characteristic	organism part	leaf	http://purl.obolibrary.org/obo/PO_0025034
E-GEOD-64740		SRR1744353	factor	age	28 day
E-GEOD-64740		SRR1744353	factor	ecotype	C24 ecotype	http://www.ebi.ac.uk/efo/EFO_0006987
E-GEOD-64740		SRR1744353	factor	organism part	leaf	http://purl.obolibrary.org/obo/PO_0025034
E-GEOD-64740		SRR1744354	characteristic	age	28 day
E-GEOD-64740		SRR1744354	characteristic	developmental stage	seedling developmental stage	http://purl.obolibrary.org/obo/PO_0007131
E-GEOD-64740		SRR1744354	characteristic	ecotype	Ler	http://www.ebi.ac.uk/efo/EFO_0005154
E-GEOD-64740		SRR1744354	characteristic	organism	Arabidopsis thaliana	http://purl.obolibrary.org/obo/NCBITaxon_3702
E-GEOD-64740		SRR1744354	characteristic	organism part	leaf	http://purl.obolibrary.org/obo/PO_0025034
E-GEOD-64740		SRR1744354	factor	age	28 day
E-GEOD-64740		SRR1744354	factor	ecotype	Ler	http://www.ebi.ac.uk/efo/EFO_0005154
E-GEOD-64740		SRR1744354	factor	organism part	leaf	http://purl.obolibrary.org/obo/PO_0025034
E-GEOD-64740		SRR1744355	characteristic	age	28 day
E-GEOD-64740		SRR1744355	characteristic	developmental stage	seedling developmental stage	http://purl.obolibrary.org/obo/PO_0007131
E-GEOD-64740		SRR1744355	characteristic	ecotype	Ler	http://www.ebi.ac.uk/efo/EFO_0005154
E-GEOD-64740		SRR1744355	characteristic	organism	Arabidopsis thaliana	http://purl.obolibrary.org/obo/NCBITaxon_3702
E-GEOD-64740		SRR1744355	characteristic	organism part	leaf	http://purl.obolibrary.org/obo/PO_0025034
E-GEOD-64740		SRR1744355	factor	age	28 day
E-GEOD-64740		SRR1744355	factor	ecotype	Ler	http://www.ebi.ac.uk/efo/EFO_0005154
E-GEOD-64740		SRR1744355	factor	organism part	leaf	http://purl.obolibrary.org/obo/PO_0025034
E-GEOD-64740		SRR1744356	characteristic	age	28 day
E-GEOD-64740		SRR1744356	characteristic	developmental stage	seedling developmental stage	http://purl.obolibrary.org/obo/PO_0007131
E-GEOD-64740		SRR1744356	characteristic	ecotype	Ler	http://www.ebi.ac.uk/efo/EFO_0005154
E-GEOD-64740		SRR1744356	characteristic	organism	Arabidopsis thaliana	http://purl.obolibrary.org/obo/NCBITaxon_3702
E-GEOD-64740		SRR1744356	characteristic	organism part	leaf	http://purl.obolibrary.org/obo/PO_0025034
E-GEOD-64740		SRR1744356	factor	age	28 day
E-GEOD-64740		SRR1744356	factor	ecotype	Ler	http://www.ebi.ac.uk/efo/EFO_0005154
E-GEOD-64740		SRR1744356	factor	organism part	leaf	http://purl.obolibrary.org/obo/PO_0025034
E-GEOD-64740		SRR1744357	characteristic	age	28 day
E-GEOD-64740		SRR1744357	characteristic	developmental stage	seedling developmental stage	http://purl.obolibrary.org/obo/PO_0007131
E-GEOD-64740		SRR1744357	characteristic	ecotype	Ler	http://www.ebi.ac.uk/efo/EFO_0005154
E-GEOD-64740		SRR1744357	characteristic	organism	Arabidopsis thaliana	http://purl.obolibrary.org/obo/NCBITaxon_3702
E-GEOD-64740		SRR1744357	characteristic	organism part	leaf	http://purl.obolibrary.org/obo/PO_0025034
E-GEOD-64740		SRR1744357	factor	age	28 day
E-GEOD-64740		SRR1744357	factor	ecotype	Ler	http://www.ebi.ac.uk/efo/EFO_0005154
E-GEOD-64740		SRR1744357	factor	organism part	leaf	http://purl.obolibrary.org/obo/PO_0025034
E-GEOD-64740		SRR1744358	characteristic	age	28 day
E-GEOD-64740		SRR1744358	characteristic	developmental stage	seedling developmental stage	http://purl.obolibrary.org/obo/PO_0007131
E-GEOD-64740		SRR1744358	characteristic	ecotype	C24 x Ler
E-GEOD-64740		SRR1744358	characteristic	organism	Arabidopsis thaliana	http://purl.obolibrary.org/obo/NCBITaxon_3702
E-GEOD-64740		SRR1744358	characteristic	organism part	leaf	http://purl.obolibrary.org/obo/PO_0025034
E-GEOD-64740		SRR1744358	factor	age	28 day
E-GEOD-64740		SRR1744358	factor	ecotype	C24 x Ler
E-GEOD-64740		SRR1744358	factor	organism part	leaf	http://purl.obolibrary.org/obo/PO_0025034
E-GEOD-64740		SRR1744359	characteristic	age	28 day
E-GEOD-64740		SRR1744359	characteristic	developmental stage	seedling developmental stage	http://purl.obolibrary.org/obo/PO_0007131
E-GEOD-64740		SRR1744359	characteristic	ecotype	C24 x Ler
E-GEOD-64740		SRR1744359	characteristic	organism	Arabidopsis thaliana	http://purl.obolibrary.org/obo/NCBITaxon_3702
E-GEOD-64740		SRR1744359	characteristic	organism part	leaf	http://purl.obolibrary.org/obo/PO_0025034
E-GEOD-64740		SRR1744359	factor	age	28 day
E-GEOD-64740		SRR1744359	factor	ecotype	C24 x Ler
E-GEOD-64740		SRR1744359	factor	organism part	leaf	http://purl.obolibrary.org/obo/PO_0025034
E-GEOD-64740		SRR1744360	characteristic	age	28 day
E-GEOD-64740		SRR1744360	characteristic	developmental stage	seedling developmental stage	http://purl.obolibrary.org/obo/PO_0007131
E-GEOD-64740		SRR1744360	characteristic	ecotype	Ler x C24
E-GEOD-64740		SRR1744360	characteristic	organism	Arabidopsis thaliana	http://purl.obolibrary.org/obo/NCBITaxon_3702
E-GEOD-64740		SRR1744360	characteristic	organism part	leaf	http://purl.obolibrary.org/obo/PO_0025034
E-GEOD-64740		SRR1744360	factor	age	28 day
E-GEOD-64740		SRR1744360	factor	ecotype	Ler x C24
E-GEOD-64740		SRR1744360	factor	organism part	leaf	http://purl.obolibrary.org/obo/PO_0025034
E-GEOD-64740		SRR1744361	characteristic	age	28 day
E-GEOD-64740		SRR1744361	characteristic	developmental stage	seedling developmental stage	http://purl.obolibrary.org/obo/PO_0007131
E-GEOD-64740		SRR1744361	characteristic	ecotype	Ler x C24
E-GEOD-64740		SRR1744361	characteristic	organism	Arabidopsis thaliana	http://purl.obolibrary.org/obo/NCBITaxon_3702
E-GEOD-64740		SRR1744361	characteristic	organism part	leaf	http://purl.obolibrary.org/obo/PO_0025034
E-GEOD-64740		SRR1744361	factor	age	28 day
E-GEOD-64740		SRR1744361	factor	ecotype	Ler x C24
E-GEOD-64740		SRR1744361	factor	organism part	leaf	http://purl.obolibrary.org/obo/PO_0025034
E-GEOD-64740		SRR1744362	characteristic	age	28 day
E-GEOD-64740		SRR1744362	characteristic	developmental stage	seedling developmental stage	http://purl.obolibrary.org/obo/PO_0007131
E-GEOD-64740		SRR1744362	characteristic	ecotype	L1-1
E-GEOD-64740		SRR1744362	characteristic	organism	Arabidopsis thaliana	http://purl.obolibrary.org/obo/NCBITaxon_3702
E-GEOD-64740		SRR1744362	characteristic	organism part	leaf	http://purl.obolibrary.org/obo/PO_0025034
E-GEOD-64740		SRR1744362	factor	age	28 day
E-GEOD-64740		SRR1744362	factor	ecotype	L1-1
E-GEOD-64740		SRR1744362	factor	organism part	leaf	http://purl.obolibrary.org/obo/PO_0025034
E-GEOD-64740		SRR1744363	characteristic	age	28 day
E-GEOD-64740		SRR1744363	characteristic	developmental stage	seedling developmental stage	http://purl.obolibrary.org/obo/PO_0007131
E-GEOD-64740		SRR1744363	characteristic	ecotype	L1-1
E-GEOD-64740		SRR1744363	characteristic	organism	Arabidopsis thaliana	http://purl.obolibrary.org/obo/NCBITaxon_3702
E-GEOD-64740		SRR1744363	characteristic	organism part	leaf	http://purl.obolibrary.org/obo/PO_0025034
E-GEOD-64740		SRR1744363	factor	age	28 day
E-GEOD-64740		SRR1744363	factor	ecotype	L1-1
E-GEOD-64740		SRR1744363	factor	organism part	leaf	http://purl.obolibrary.org/obo/PO_0025034
E-GEOD-64740		SRR1744364	characteristic	age	28 day
E-GEOD-64740		SRR1744364	characteristic	developmental stage	seedling developmental stage	http://purl.obolibrary.org/obo/PO_0007131
E-GEOD-64740		SRR1744364	characteristic	ecotype	L1-2
E-GEOD-64740		SRR1744364	characteristic	organism	Arabidopsis thaliana	http://purl.obolibrary.org/obo/NCBITaxon_3702
E-GEOD-64740		SRR1744364	characteristic	organism part	leaf	http://purl.obolibrary.org/obo/PO_0025034
E-GEOD-64740		SRR1744364	factor	age	28 day
E-GEOD-64740		SRR1744364	factor	ecotype	L1-2
E-GEOD-64740		SRR1744364	factor	organism part	leaf	http://purl.obolibrary.org/obo/PO_0025034
E-GEOD-64740		SRR1744365	characteristic	age	28 day
E-GEOD-64740		SRR1744365	characteristic	developmental stage	seedling developmental stage	http://purl.obolibrary.org/obo/PO_0007131
E-GEOD-64740		SRR1744365	characteristic	ecotype	L1-2
E-GEOD-64740		SRR1744365	characteristic	organism	Arabidopsis thaliana	http://purl.obolibrary.org/obo/NCBITaxon_3702
E-GEOD-64740		SRR1744365	characteristic	organism part	leaf	http://purl.obolibrary.org/obo/PO_0025034
E-GEOD-64740		SRR1744365	factor	age	28 day
E-GEOD-64740		SRR1744365	factor	ecotype	L1-2
E-GEOD-64740		SRR1744365	factor	organism part	leaf	http://purl.obolibrary.org/obo/PO_0025034
E-GEOD-64740		SRR1744366	characteristic	age	28 day
E-GEOD-64740		SRR1744366	characteristic	developmental stage	seedling developmental stage	http://purl.obolibrary.org/obo/PO_0007131
E-GEOD-64740		SRR1744366	characteristic	ecotype	L2-1
E-GEOD-64740		SRR1744366	characteristic	organism	Arabidopsis thaliana	http://purl.obolibrary.org/obo/NCBITaxon_3702
E-GEOD-64740		SRR1744366	characteristic	organism part	leaf	http://purl.obolibrary.org/obo/PO_0025034
E-GEOD-64740		SRR1744366	factor	age	28 day
E-GEOD-64740		SRR1744366	factor	ecotype	L2-1
E-GEOD-64740		SRR1744366	factor	organism part	leaf	http://purl.obolibrary.org/obo/PO_0025034
E-GEOD-64740		SRR1744367	characteristic	age	28 day
E-GEOD-64740		SRR1744367	characteristic	developmental stage	seedling developmental stage	http://purl.obolibrary.org/obo/PO_0007131
E-GEOD-64740		SRR1744367	characteristic	ecotype	L2-1
E-GEOD-64740		SRR1744367	characteristic	organism	Arabidopsis thaliana	http://purl.obolibrary.org/obo/NCBITaxon_3702
E-GEOD-64740		SRR1744367	characteristic	organism part	leaf	http://purl.obolibrary.org/obo/PO_0025034
E-GEOD-64740		SRR1744367	factor	age	28 day
E-GEOD-64740		SRR1744367	factor	ecotype	L2-1
E-GEOD-64740		SRR1744367	factor	organism part	leaf	http://purl.obolibrary.org/obo/PO_0025034
E-GEOD-64740		SRR1744368	characteristic	age	28 day
E-GEOD-64740		SRR1744368	characteristic	developmental stage	seedling developmental stage	http://purl.obolibrary.org/obo/PO_0007131
E-GEOD-64740		SRR1744368	characteristic	ecotype	L2-2
E-GEOD-64740		SRR1744368	characteristic	organism	Arabidopsis thaliana	http://purl.obolibrary.org/obo/NCBITaxon_3702
E-GEOD-64740		SRR1744368	characteristic	organism part	leaf	http://purl.obolibrary.org/obo/PO_0025034
E-GEOD-64740		SRR1744368	factor	age	28 day
E-GEOD-64740		SRR1744368	factor	ecotype	L2-2
E-GEOD-64740		SRR1744368	factor	organism part	leaf	http://purl.obolibrary.org/obo/PO_0025034
E-GEOD-64740		SRR1744369	characteristic	age	28 day
E-GEOD-64740		SRR1744369	characteristic	developmental stage	seedling developmental stage	http://purl.obolibrary.org/obo/PO_0007131
E-GEOD-64740		SRR1744369	characteristic	ecotype	L2-2
E-GEOD-64740		SRR1744369	characteristic	organism	Arabidopsis thaliana	http://purl.obolibrary.org/obo/NCBITaxon_3702
E-GEOD-64740		SRR1744369	characteristic	organism part	leaf	http://purl.obolibrary.org/obo/PO_0025034
E-GEOD-64740		SRR1744369	factor	age	28 day
E-GEOD-64740		SRR1744369	factor	ecotype	L2-2
E-GEOD-64740		SRR1744369	factor	organism part	leaf	http://purl.obolibrary.org/obo/PO_0025034
E-GEOD-64740		SRR1744370	characteristic	age	28 day
E-GEOD-64740		SRR1744370	characteristic	developmental stage	seedling developmental stage	http://purl.obolibrary.org/obo/PO_0007131
E-GEOD-64740		SRR1744370	characteristic	ecotype	L3-1
E-GEOD-64740		SRR1744370	characteristic	organism	Arabidopsis thaliana	http://purl.obolibrary.org/obo/NCBITaxon_3702
E-GEOD-64740		SRR1744370	characteristic	organism part	leaf	http://purl.obolibrary.org/obo/PO_0025034
E-GEOD-64740		SRR1744370	factor	age	28 day
E-GEOD-64740		SRR1744370	factor	ecotype	L3-1
E-GEOD-64740		SRR1744370	factor	organism part	leaf	http://purl.obolibrary.org/obo/PO_0025034
E-GEOD-64740		SRR1744371	characteristic	age	28 day
E-GEOD-64740		SRR1744371	characteristic	developmental stage	seedling developmental stage	http://purl.obolibrary.org/obo/PO_0007131
E-GEOD-64740		SRR1744371	characteristic	ecotype	L3-1
E-GEOD-64740		SRR1744371	characteristic	organism	Arabidopsis thaliana	http://purl.obolibrary.org/obo/NCBITaxon_3702
E-GEOD-64740		SRR1744371	characteristic	organism part	leaf	http://purl.obolibrary.org/obo/PO_0025034
E-GEOD-64740		SRR1744371	factor	age	28 day
E-GEOD-64740		SRR1744371	factor	ecotype	L3-1
E-GEOD-64740		SRR1744371	factor	organism part	leaf	http://purl.obolibrary.org/obo/PO_0025034
E-GEOD-64740		SRR1744372	characteristic	age	28 day
E-GEOD-64740		SRR1744372	characteristic	developmental stage	seedling developmental stage	http://purl.obolibrary.org/obo/PO_0007131
E-GEOD-64740		SRR1744372	characteristic	ecotype	L3-2
E-GEOD-64740		SRR1744372	characteristic	organism	Arabidopsis thaliana	http://purl.obolibrary.org/obo/NCBITaxon_3702
E-GEOD-64740		SRR1744372	characteristic	organism part	leaf	http://purl.obolibrary.org/obo/PO_0025034
E-GEOD-64740		SRR1744372	factor	age	28 day
E-GEOD-64740		SRR1744372	factor	ecotype	L3-2
E-GEOD-64740		SRR1744372	factor	organism part	leaf	http://purl.obolibrary.org/obo/PO_0025034
E-GEOD-64740		SRR1744373	characteristic	age	28 day
E-GEOD-64740		SRR1744373	characteristic	developmental stage	seedling developmental stage	http://purl.obolibrary.org/obo/PO_0007131
E-GEOD-64740		SRR1744373	characteristic	ecotype	L3-2
E-GEOD-64740		SRR1744373	characteristic	organism	Arabidopsis thaliana	http://purl.obolibrary.org/obo/NCBITaxon_3702
E-GEOD-64740		SRR1744373	characteristic	organism part	leaf	http://purl.obolibrary.org/obo/PO_0025034
E-GEOD-64740		SRR1744373	factor	age	28 day
E-GEOD-64740		SRR1744373	factor	ecotype	L3-2
E-GEOD-64740		SRR1744373	factor	organism part	leaf	http://purl.obolibrary.org/obo/PO_0025034
E-GEOD-64740		SRR1744374	characteristic	age	28 day
E-GEOD-64740		SRR1744374	characteristic	developmental stage	seedling developmental stage	http://purl.obolibrary.org/obo/PO_0007131
E-GEOD-64740		SRR1744374	characteristic	ecotype	L4-1
E-GEOD-64740		SRR1744374	characteristic	organism	Arabidopsis thaliana	http://purl.obolibrary.org/obo/NCBITaxon_3702
E-GEOD-64740		SRR1744374	characteristic	organism part	leaf	http://purl.obolibrary.org/obo/PO_0025034
E-GEOD-64740		SRR1744374	factor	age	28 day
E-GEOD-64740		SRR1744374	factor	ecotype	L4-1
E-GEOD-64740		SRR1744374	factor	organism part	leaf	http://purl.obolibrary.org/obo/PO_0025034
E-GEOD-64740		SRR1744375	characteristic	age	28 day
E-GEOD-64740		SRR1744375	characteristic	developmental stage	seedling developmental stage	http://purl.obolibrary.org/obo/PO_0007131
E-GEOD-64740		SRR1744375	characteristic	ecotype	L4-1
E-GEOD-64740		SRR1744375	characteristic	organism	Arabidopsis thaliana	http://purl.obolibrary.org/obo/NCBITaxon_3702
E-GEOD-64740		SRR1744375	characteristic	organism part	leaf	http://purl.obolibrary.org/obo/PO_0025034
E-GEOD-64740		SRR1744375	factor	age	28 day
E-GEOD-64740		SRR1744375	factor	ecotype	L4-1
E-GEOD-64740		SRR1744375	factor	organism part	leaf	http://purl.obolibrary.org/obo/PO_0025034
E-GEOD-64740		SRR1744376	characteristic	age	28 day
E-GEOD-64740		SRR1744376	characteristic	developmental stage	seedling developmental stage	http://purl.obolibrary.org/obo/PO_0007131
E-GEOD-64740		SRR1744376	characteristic	ecotype	L4-2
E-GEOD-64740		SRR1744376	characteristic	organism	Arabidopsis thaliana	http://purl.obolibrary.org/obo/NCBITaxon_3702
E-GEOD-64740		SRR1744376	characteristic	organism part	leaf	http://purl.obolibrary.org/obo/PO_0025034
E-GEOD-64740		SRR1744376	factor	age	28 day
E-GEOD-64740		SRR1744376	factor	ecotype	L4-2
E-GEOD-64740		SRR1744376	factor	organism part	leaf	http://purl.obolibrary.org/obo/PO_0025034
E-GEOD-64740		SRR1744377	characteristic	age	28 day
E-GEOD-64740		SRR1744377	characteristic	developmental stage	seedling developmental stage	http://purl.obolibrary.org/obo/PO_0007131
E-GEOD-64740		SRR1744377	characteristic	ecotype	L4-2
E-GEOD-64740		SRR1744377	characteristic	organism	Arabidopsis thaliana	http://purl.obolibrary.org/obo/NCBITaxon_3702
E-GEOD-64740		SRR1744377	characteristic	organism part	leaf	http://purl.obolibrary.org/obo/PO_0025034
E-GEOD-64740		SRR1744377	factor	age	28 day
E-GEOD-64740		SRR1744377	factor	ecotype	L4-2
E-GEOD-64740		SRR1744377	factor	organism part	leaf	http://purl.obolibrary.org/obo/PO_0025034
E-GEOD-64740		SRR1744378	characteristic	age	15 day
E-GEOD-64740		SRR1744378	characteristic	developmental stage	seedling developmental stage	http://purl.obolibrary.org/obo/PO_0007131
E-GEOD-64740		SRR1744378	characteristic	ecotype	C24 ecotype	http://www.ebi.ac.uk/efo/EFO_0006987
E-GEOD-64740		SRR1744378	characteristic	organism	Arabidopsis thaliana	http://purl.obolibrary.org/obo/NCBITaxon_3702
E-GEOD-64740		SRR1744378	characteristic	organism part	aerial part	http://www.ebi.ac.uk/efo/EFO_0001901
E-GEOD-64740		SRR1744378	factor	age	15 day
E-GEOD-64740		SRR1744378	factor	ecotype	C24 ecotype	http://www.ebi.ac.uk/efo/EFO_0006987
E-GEOD-64740		SRR1744378	factor	organism part	aerial part	http://www.ebi.ac.uk/efo/EFO_0001901
E-GEOD-64740		SRR1744379	characteristic	age	15 day
E-GEOD-64740		SRR1744379	characteristic	developmental stage	seedling developmental stage	http://purl.obolibrary.org/obo/PO_0007131
E-GEOD-64740		SRR1744379	characteristic	ecotype	C24 ecotype	http://www.ebi.ac.uk/efo/EFO_0006987
E-GEOD-64740		SRR1744379	characteristic	organism	Arabidopsis thaliana	http://purl.obolibrary.org/obo/NCBITaxon_3702
E-GEOD-64740		SRR1744379	characteristic	organism part	aerial part	http://www.ebi.ac.uk/efo/EFO_0001901
E-GEOD-64740		SRR1744379	factor	age	15 day
E-GEOD-64740		SRR1744379	factor	ecotype	C24 ecotype	http://www.ebi.ac.uk/efo/EFO_0006987
E-GEOD-64740		SRR1744379	factor	organism part	aerial part	http://www.ebi.ac.uk/efo/EFO_0001901
E-GEOD-64740		SRR1744380	characteristic	age	15 day
E-GEOD-64740		SRR1744380	characteristic	developmental stage	seedling developmental stage	http://purl.obolibrary.org/obo/PO_0007131
E-GEOD-64740		SRR1744380	characteristic	ecotype	Ler	http://www.ebi.ac.uk/efo/EFO_0005154
E-GEOD-64740		SRR1744380	characteristic	organism	Arabidopsis thaliana	http://purl.obolibrary.org/obo/NCBITaxon_3702
E-GEOD-64740		SRR1744380	characteristic	organism part	aerial part	http://www.ebi.ac.uk/efo/EFO_0001901
E-GEOD-64740		SRR1744380	factor	age	15 day
E-GEOD-64740		SRR1744380	factor	ecotype	Ler	http://www.ebi.ac.uk/efo/EFO_0005154
E-GEOD-64740		SRR1744380	factor	organism part	aerial part	http://www.ebi.ac.uk/efo/EFO_0001901
E-GEOD-64740		SRR1744381	characteristic	age	15 day
E-GEOD-64740		SRR1744381	characteristic	developmental stage	seedling developmental stage	http://purl.obolibrary.org/obo/PO_0007131
E-GEOD-64740		SRR1744381	characteristic	ecotype	Ler	http://www.ebi.ac.uk/efo/EFO_0005154
E-GEOD-64740		SRR1744381	characteristic	organism	Arabidopsis thaliana	http://purl.obolibrary.org/obo/NCBITaxon_3702
E-GEOD-64740		SRR1744381	characteristic	organism part	aerial part	http://www.ebi.ac.uk/efo/EFO_0001901
E-GEOD-64740		SRR1744381	factor	age	15 day
E-GEOD-64740		SRR1744381	factor	ecotype	Ler	http://www.ebi.ac.uk/efo/EFO_0005154
E-GEOD-64740		SRR1744381	factor	organism part	aerial part	http://www.ebi.ac.uk/efo/EFO_0001901
E-GEOD-64740		SRR1744382	characteristic	age	15 day
E-GEOD-64740		SRR1744382	characteristic	developmental stage	seedling developmental stage	http://purl.obolibrary.org/obo/PO_0007131
E-GEOD-64740		SRR1744382	characteristic	ecotype	Ler x C24
E-GEOD-64740		SRR1744382	characteristic	organism	Arabidopsis thaliana	http://purl.obolibrary.org/obo/NCBITaxon_3702
E-GEOD-64740		SRR1744382	characteristic	organism part	aerial part	http://www.ebi.ac.uk/efo/EFO_0001901
E-GEOD-64740		SRR1744382	factor	age	15 day
E-GEOD-64740		SRR1744382	factor	ecotype	Ler x C24
E-GEOD-64740		SRR1744382	factor	organism part	aerial part	http://www.ebi.ac.uk/efo/EFO_0001901
E-GEOD-64740		SRR1744383	characteristic	age	15 day
E-GEOD-64740		SRR1744383	characteristic	developmental stage	seedling developmental stage	http://purl.obolibrary.org/obo/PO_0007131
E-GEOD-64740		SRR1744383	characteristic	ecotype	Ler x C24
E-GEOD-64740		SRR1744383	characteristic	organism	Arabidopsis thaliana	http://purl.obolibrary.org/obo/NCBITaxon_3702
E-GEOD-64740		SRR1744383	characteristic	organism part	aerial part	http://www.ebi.ac.uk/efo/EFO_0001901
E-GEOD-64740		SRR1744383	factor	age	15 day
E-GEOD-64740		SRR1744383	factor	ecotype	Ler x C24
E-GEOD-64740		SRR1744383	factor	organism part	aerial part	http://www.ebi.ac.uk/efo/EFO_0001901
E-GEOD-64740		SRR1744384	characteristic	age	15 day
E-GEOD-64740		SRR1744384	characteristic	developmental stage	seedling developmental stage	http://purl.obolibrary.org/obo/PO_0007131
E-GEOD-64740		SRR1744384	characteristic	ecotype	L3-1
E-GEOD-64740		SRR1744384	characteristic	organism	Arabidopsis thaliana	http://purl.obolibrary.org/obo/NCBITaxon_3702
E-GEOD-64740		SRR1744384	characteristic	organism part	aerial part	http://www.ebi.ac.uk/efo/EFO_0001901
E-GEOD-64740		SRR1744384	factor	age	15 day
E-GEOD-64740		SRR1744384	factor	ecotype	L3-1
E-GEOD-64740		SRR1744384	factor	organism part	aerial part	http://www.ebi.ac.uk/efo/EFO_0001901
E-GEOD-64740		SRR1744385	characteristic	age	15 day
E-GEOD-64740		SRR1744385	characteristic	developmental stage	seedling developmental stage	http://purl.obolibrary.org/obo/PO_0007131
E-GEOD-64740		SRR1744385	characteristic	ecotype	L3-1
E-GEOD-64740		SRR1744385	characteristic	organism	Arabidopsis thaliana	http://purl.obolibrary.org/obo/NCBITaxon_3702
E-GEOD-64740		SRR1744385	characteristic	organism part	aerial part	http://www.ebi.ac.uk/efo/EFO_0001901
E-GEOD-64740		SRR1744385	factor	age	15 day
E-GEOD-64740		SRR1744385	factor	ecotype	L3-1
E-GEOD-64740		SRR1744385	factor	organism part	aerial part	http://www.ebi.ac.uk/efo/EFO_0001901
E-GEOD-64740		SRR1744386	characteristic	age	15 day
E-GEOD-64740		SRR1744386	characteristic	developmental stage	seedling developmental stage	http://purl.obolibrary.org/obo/PO_0007131
E-GEOD-64740		SRR1744386	characteristic	ecotype	L4-2
E-GEOD-64740		SRR1744386	characteristic	organism	Arabidopsis thaliana	http://purl.obolibrary.org/obo/NCBITaxon_3702
E-GEOD-64740		SRR1744386	characteristic	organism part	aerial part	http://www.ebi.ac.uk/efo/EFO_0001901
E-GEOD-64740		SRR1744386	factor	age	15 day
E-GEOD-64740		SRR1744386	factor	ecotype	L4-2
E-GEOD-64740		SRR1744386	factor	organism part	aerial part	http://www.ebi.ac.uk/efo/EFO_0001901
E-GEOD-64740		SRR1744387	characteristic	age	15 day
E-GEOD-64740		SRR1744387	characteristic	developmental stage	seedling developmental stage	http://purl.obolibrary.org/obo/PO_0007131
E-GEOD-64740		SRR1744387	characteristic	ecotype	L4-2
E-GEOD-64740		SRR1744387	characteristic	organism	Arabidopsis thaliana	http://purl.obolibrary.org/obo/NCBITaxon_3702
E-GEOD-64740		SRR1744387	characteristic	organism part	aerial part	http://www.ebi.ac.uk/efo/EFO_0001901
E-GEOD-64740		SRR1744387	factor	age	15 day
E-GEOD-64740		SRR1744387	factor	ecotype	L4-2
E-GEOD-64740		SRR1744387	factor	organism part	aerial part	http://www.ebi.ac.uk/efo/EFO_0001901
E-GEOD-64740		SRR2080031	characteristic	age	15 day
E-GEOD-64740		SRR2080031	characteristic	developmental stage	seedling developmental stage	http://purl.obolibrary.org/obo/PO_0007131
E-GEOD-64740		SRR2080031	characteristic	ecotype	C24 ecotype	http://www.ebi.ac.uk/efo/EFO_0006987
E-GEOD-64740		SRR2080031	characteristic	organism	Arabidopsis thaliana	http://purl.obolibrary.org/obo/NCBITaxon_3702
E-GEOD-64740		SRR2080031	characteristic	organism part	aerial part	http://www.ebi.ac.uk/efo/EFO_0001901
E-GEOD-64740		SRR2080031	factor	age	15 day
E-GEOD-64740		SRR2080031	factor	ecotype	C24 ecotype	http://www.ebi.ac.uk/efo/EFO_0006987
E-GEOD-64740		SRR2080031	factor	organism part	aerial part	http://www.ebi.ac.uk/efo/EFO_0001901
E-GEOD-64740		SRR2080032	characteristic	age	15 day
E-GEOD-64740		SRR2080032	characteristic	developmental stage	seedling developmental stage	http://purl.obolibrary.org/obo/PO_0007131
E-GEOD-64740		SRR2080032	characteristic	ecotype	C24 ecotype	http://www.ebi.ac.uk/efo/EFO_0006987
E-GEOD-64740		SRR2080032	characteristic	organism	Arabidopsis thaliana	http://purl.obolibrary.org/obo/NCBITaxon_3702
E-GEOD-64740		SRR2080032	characteristic	organism part	aerial part	http://www.ebi.ac.uk/efo/EFO_0001901
E-GEOD-64740		SRR2080032	factor	age	15 day
E-GEOD-64740		SRR2080032	factor	ecotype	C24 ecotype	http://www.ebi.ac.uk/efo/EFO_0006987
E-GEOD-64740		SRR2080032	factor	organism part	aerial part	http://www.ebi.ac.uk/efo/EFO_0001901
E-GEOD-64740		SRR2080033	characteristic	age	15 day
E-GEOD-64740		SRR2080033	characteristic	developmental stage	seedling developmental stage	http://purl.obolibrary.org/obo/PO_0007131
E-GEOD-64740		SRR2080033	characteristic	ecotype	Ler	http://www.ebi.ac.uk/efo/EFO_0005154
E-GEOD-64740		SRR2080033	characteristic	organism	Arabidopsis thaliana	http://purl.obolibrary.org/obo/NCBITaxon_3702
E-GEOD-64740		SRR2080033	characteristic	organism part	aerial part	http://www.ebi.ac.uk/efo/EFO_0001901
E-GEOD-64740		SRR2080033	factor	age	15 day
E-GEOD-64740		SRR2080033	factor	ecotype	Ler	http://www.ebi.ac.uk/efo/EFO_0005154
E-GEOD-64740		SRR2080033	factor	organism part	aerial part	http://www.ebi.ac.uk/efo/EFO_0001901
E-GEOD-64740		SRR2080034	characteristic	age	15 day
E-GEOD-64740		SRR2080034	characteristic	developmental stage	seedling developmental stage	http://purl.obolibrary.org/obo/PO_0007131
E-GEOD-64740		SRR2080034	characteristic	ecotype	Ler	http://www.ebi.ac.uk/efo/EFO_0005154
E-GEOD-64740		SRR2080034	characteristic	organism	Arabidopsis thaliana	http://purl.obolibrary.org/obo/NCBITaxon_3702
E-GEOD-64740		SRR2080034	characteristic	organism part	aerial part	http://www.ebi.ac.uk/efo/EFO_0001901
E-GEOD-64740		SRR2080034	factor	age	15 day
E-GEOD-64740		SRR2080034	factor	ecotype	Ler	http://www.ebi.ac.uk/efo/EFO_0005154
E-GEOD-64740		SRR2080034	factor	organism part	aerial part	http://www.ebi.ac.uk/efo/EFO_0001901
E-GEOD-64740		SRR2080035	characteristic	age	15 day
E-GEOD-64740		SRR2080035	characteristic	developmental stage	seedling developmental stage	http://purl.obolibrary.org/obo/PO_0007131
E-GEOD-64740		SRR2080035	characteristic	ecotype	C24 x Ler
E-GEOD-64740		SRR2080035	characteristic	organism	Arabidopsis thaliana	http://purl.obolibrary.org/obo/NCBITaxon_3702
E-GEOD-64740		SRR2080035	characteristic	organism part	aerial part	http://www.ebi.ac.uk/efo/EFO_0001901
E-GEOD-64740		SRR2080035	factor	age	15 day
E-GEOD-64740		SRR2080035	factor	ecotype	C24 x Ler
E-GEOD-64740		SRR2080035	factor	organism part	aerial part	http://www.ebi.ac.uk/efo/EFO_0001901
E-GEOD-64740		SRR2080036	characteristic	age	15 day
E-GEOD-64740		SRR2080036	characteristic	developmental stage	seedling developmental stage	http://purl.obolibrary.org/obo/PO_0007131
E-GEOD-64740		SRR2080036	characteristic	ecotype	C24 x Ler
E-GEOD-64740		SRR2080036	characteristic	organism	Arabidopsis thaliana	http://purl.obolibrary.org/obo/NCBITaxon_3702
E-GEOD-64740		SRR2080036	characteristic	organism part	aerial part	http://www.ebi.ac.uk/efo/EFO_0001901
E-GEOD-64740		SRR2080036	factor	age	15 day
E-GEOD-64740		SRR2080036	factor	ecotype	C24 x Ler
E-GEOD-64740		SRR2080036	factor	organism part	aerial part	http://www.ebi.ac.uk/efo/EFO_0001901
E-GEOD-64740		SRR2080037	characteristic	age	15 day
E-GEOD-64740		SRR2080037	characteristic	developmental stage	seedling developmental stage	http://purl.obolibrary.org/obo/PO_0007131
E-GEOD-64740		SRR2080037	characteristic	ecotype	L1-1
E-GEOD-64740		SRR2080037	characteristic	organism	Arabidopsis thaliana	http://purl.obolibrary.org/obo/NCBITaxon_3702
E-GEOD-64740		SRR2080037	characteristic	organism part	aerial part	http://www.ebi.ac.uk/efo/EFO_0001901
E-GEOD-64740		SRR2080037	factor	age	15 day
E-GEOD-64740		SRR2080037	factor	ecotype	L1-1
E-GEOD-64740		SRR2080037	factor	organism part	aerial part	http://www.ebi.ac.uk/efo/EFO_0001901
E-GEOD-64740		SRR2080038	characteristic	age	15 day
E-GEOD-64740		SRR2080038	characteristic	developmental stage	seedling developmental stage	http://purl.obolibrary.org/obo/PO_0007131
E-GEOD-64740		SRR2080038	characteristic	ecotype	L1-1
E-GEOD-64740		SRR2080038	characteristic	organism	Arabidopsis thaliana	http://purl.obolibrary.org/obo/NCBITaxon_3702
E-GEOD-64740		SRR2080038	characteristic	organism part	aerial part	http://www.ebi.ac.uk/efo/EFO_0001901
E-GEOD-64740		SRR2080038	factor	age	15 day
E-GEOD-64740		SRR2080038	factor	ecotype	L1-1
E-GEOD-64740		SRR2080038	factor	organism part	aerial part	http://www.ebi.ac.uk/efo/EFO_0001901
E-GEOD-64740		SRR2080039	characteristic	age	15 day
E-GEOD-64740		SRR2080039	characteristic	developmental stage	seedling developmental stage	http://purl.obolibrary.org/obo/PO_0007131
E-GEOD-64740		SRR2080039	characteristic	ecotype	L1-2
E-GEOD-64740		SRR2080039	characteristic	organism	Arabidopsis thaliana	http://purl.obolibrary.org/obo/NCBITaxon_3702
E-GEOD-64740		SRR2080039	characteristic	organism part	aerial part	http://www.ebi.ac.uk/efo/EFO_0001901
E-GEOD-64740		SRR2080039	factor	age	15 day
E-GEOD-64740		SRR2080039	factor	ecotype	L1-2
E-GEOD-64740		SRR2080039	factor	organism part	aerial part	http://www.ebi.ac.uk/efo/EFO_0001901
E-GEOD-64740		SRR2080040	characteristic	age	15 day
E-GEOD-64740		SRR2080040	characteristic	developmental stage	seedling developmental stage	http://purl.obolibrary.org/obo/PO_0007131
E-GEOD-64740		SRR2080040	characteristic	ecotype	L1-2
E-GEOD-64740		SRR2080040	characteristic	organism	Arabidopsis thaliana	http://purl.obolibrary.org/obo/NCBITaxon_3702
E-GEOD-64740		SRR2080040	characteristic	organism part	aerial part	http://www.ebi.ac.uk/efo/EFO_0001901
E-GEOD-64740		SRR2080040	factor	age	15 day
E-GEOD-64740		SRR2080040	factor	ecotype	L1-2
E-GEOD-64740		SRR2080040	factor	organism part	aerial part	http://www.ebi.ac.uk/efo/EFO_0001901
E-GEOD-64740		SRR2080041	characteristic	age	15 day
E-GEOD-64740		SRR2080041	characteristic	developmental stage	seedling developmental stage	http://purl.obolibrary.org/obo/PO_0007131
E-GEOD-64740		SRR2080041	characteristic	ecotype	L2-1
E-GEOD-64740		SRR2080041	characteristic	organism	Arabidopsis thaliana	http://purl.obolibrary.org/obo/NCBITaxon_3702
E-GEOD-64740		SRR2080041	characteristic	organism part	aerial part	http://www.ebi.ac.uk/efo/EFO_0001901
E-GEOD-64740		SRR2080041	factor	age	15 day
E-GEOD-64740		SRR2080041	factor	ecotype	L2-1
E-GEOD-64740		SRR2080041	factor	organism part	aerial part	http://www.ebi.ac.uk/efo/EFO_0001901
E-GEOD-64740		SRR2080042	characteristic	age	15 day
E-GEOD-64740		SRR2080042	characteristic	developmental stage	seedling developmental stage	http://purl.obolibrary.org/obo/PO_0007131
E-GEOD-64740		SRR2080042	characteristic	ecotype	L2-1
E-GEOD-64740		SRR2080042	characteristic	organism	Arabidopsis thaliana	http://purl.obolibrary.org/obo/NCBITaxon_3702
E-GEOD-64740		SRR2080042	characteristic	organism part	aerial part	http://www.ebi.ac.uk/efo/EFO_0001901
E-GEOD-64740		SRR2080042	factor	age	15 day
E-GEOD-64740		SRR2080042	factor	ecotype	L2-1
E-GEOD-64740		SRR2080042	factor	organism part	aerial part	http://www.ebi.ac.uk/efo/EFO_0001901
E-GEOD-64740		SRR2080043	characteristic	age	15 day
E-GEOD-64740		SRR2080043	characteristic	developmental stage	seedling developmental stage	http://purl.obolibrary.org/obo/PO_0007131
E-GEOD-64740		SRR2080043	characteristic	ecotype	L2-2
E-GEOD-64740		SRR2080043	characteristic	organism	Arabidopsis thaliana	http://purl.obolibrary.org/obo/NCBITaxon_3702
E-GEOD-64740		SRR2080043	characteristic	organism part	aerial part	http://www.ebi.ac.uk/efo/EFO_0001901
E-GEOD-64740		SRR2080043	factor	age	15 day
E-GEOD-64740		SRR2080043	factor	ecotype	L2-2
E-GEOD-64740		SRR2080043	factor	organism part	aerial part	http://www.ebi.ac.uk/efo/EFO_0001901
E-GEOD-64740		SRR2080044	characteristic	age	15 day
E-GEOD-64740		SRR2080044	characteristic	developmental stage	seedling developmental stage	http://purl.obolibrary.org/obo/PO_0007131
E-GEOD-64740		SRR2080044	characteristic	ecotype	L2-2
E-GEOD-64740		SRR2080044	characteristic	organism	Arabidopsis thaliana	http://purl.obolibrary.org/obo/NCBITaxon_3702
E-GEOD-64740		SRR2080044	characteristic	organism part	aerial part	http://www.ebi.ac.uk/efo/EFO_0001901
E-GEOD-64740		SRR2080044	factor	age	15 day
E-GEOD-64740		SRR2080044	factor	ecotype	L2-2
E-GEOD-64740		SRR2080044	factor	organism part	aerial part	http://www.ebi.ac.uk/efo/EFO_0001901
E-GEOD-64740		SRR2080045	characteristic	age	15 day
E-GEOD-64740		SRR2080045	characteristic	developmental stage	seedling developmental stage	http://purl.obolibrary.org/obo/PO_0007131
E-GEOD-64740		SRR2080045	characteristic	ecotype	L3-2
E-GEOD-64740		SRR2080045	characteristic	organism	Arabidopsis thaliana	http://purl.obolibrary.org/obo/NCBITaxon_3702
E-GEOD-64740		SRR2080045	characteristic	organism part	aerial part	http://www.ebi.ac.uk/efo/EFO_0001901
E-GEOD-64740		SRR2080045	factor	age	15 day
E-GEOD-64740		SRR2080045	factor	ecotype	L3-2
E-GEOD-64740		SRR2080045	factor	organism part	aerial part	http://www.ebi.ac.uk/efo/EFO_0001901
E-GEOD-64740		SRR2080046	characteristic	age	15 day
E-GEOD-64740		SRR2080046	characteristic	developmental stage	seedling developmental stage	http://purl.obolibrary.org/obo/PO_0007131
E-GEOD-64740		SRR2080046	characteristic	ecotype	L3-2
E-GEOD-64740		SRR2080046	characteristic	organism	Arabidopsis thaliana	http://purl.obolibrary.org/obo/NCBITaxon_3702
E-GEOD-64740		SRR2080046	characteristic	organism part	aerial part	http://www.ebi.ac.uk/efo/EFO_0001901
E-GEOD-64740		SRR2080046	factor	age	15 day
E-GEOD-64740		SRR2080046	factor	ecotype	L3-2
E-GEOD-64740		SRR2080046	factor	organism part	aerial part	http://www.ebi.ac.uk/efo/EFO_0001901
E-GEOD-64740		SRR2080047	characteristic	age	15 day
E-GEOD-64740		SRR2080047	characteristic	developmental stage	seedling developmental stage	http://purl.obolibrary.org/obo/PO_0007131
E-GEOD-64740		SRR2080047	characteristic	ecotype	L4-1
E-GEOD-64740		SRR2080047	characteristic	organism	Arabidopsis thaliana	http://purl.obolibrary.org/obo/NCBITaxon_3702
E-GEOD-64740		SRR2080047	characteristic	organism part	aerial part	http://www.ebi.ac.uk/efo/EFO_0001901
E-GEOD-64740		SRR2080047	factor	age	15 day
E-GEOD-64740		SRR2080047	factor	ecotype	L4-1
E-GEOD-64740		SRR2080047	factor	organism part	aerial part	http://www.ebi.ac.uk/efo/EFO_0001901
E-GEOD-64740		SRR2080048	characteristic	age	15 day
E-GEOD-64740		SRR2080048	characteristic	developmental stage	seedling developmental stage	http://purl.obolibrary.org/obo/PO_0007131
E-GEOD-64740		SRR2080048	characteristic	ecotype	L4-1
E-GEOD-64740		SRR2080048	characteristic	organism	Arabidopsis thaliana	http://purl.obolibrary.org/obo/NCBITaxon_3702
E-GEOD-64740		SRR2080048	characteristic	organism part	aerial part	http://www.ebi.ac.uk/efo/EFO_0001901
E-GEOD-64740		SRR2080048	factor	age	15 day
E-GEOD-64740		SRR2080048	factor	ecotype	L4-1
E-GEOD-64740		SRR2080048	factor	organism part	aerial part	http://www.ebi.ac.uk/efo/EFO_0001901
E-GEOD-64740		SRR2080049	characteristic	age	15 day
E-GEOD-64740		SRR2080049	characteristic	developmental stage	seedling developmental stage	http://purl.obolibrary.org/obo/PO_0007131
E-GEOD-64740		SRR2080049	characteristic	ecotype	S2-1
E-GEOD-64740		SRR2080049	characteristic	organism	Arabidopsis thaliana	http://purl.obolibrary.org/obo/NCBITaxon_3702
E-GEOD-64740		SRR2080049	characteristic	organism part	aerial part	http://www.ebi.ac.uk/efo/EFO_0001901
E-GEOD-64740		SRR2080049	factor	age	15 day
E-GEOD-64740		SRR2080049	factor	ecotype	S2-1
E-GEOD-64740		SRR2080049	factor	organism part	aerial part	http://www.ebi.ac.uk/efo/EFO_0001901
E-GEOD-64740		SRR2080050	characteristic	age	15 day
E-GEOD-64740		SRR2080050	characteristic	developmental stage	seedling developmental stage	http://purl.obolibrary.org/obo/PO_0007131
E-GEOD-64740		SRR2080050	characteristic	ecotype	S2-1
E-GEOD-64740		SRR2080050	characteristic	organism	Arabidopsis thaliana	http://purl.obolibrary.org/obo/NCBITaxon_3702
E-GEOD-64740		SRR2080050	characteristic	organism part	aerial part	http://www.ebi.ac.uk/efo/EFO_0001901
E-GEOD-64740		SRR2080050	factor	age	15 day
E-GEOD-64740		SRR2080050	factor	ecotype	S2-1
E-GEOD-64740		SRR2080050	factor	organism part	aerial part	http://www.ebi.ac.uk/efo/EFO_0001901
E-GEOD-64740		SRR2080051	characteristic	age	15 day
E-GEOD-64740		SRR2080051	characteristic	developmental stage	seedling developmental stage	http://purl.obolibrary.org/obo/PO_0007131
E-GEOD-64740		SRR2080051	characteristic	ecotype	S2-1
E-GEOD-64740		SRR2080051	characteristic	organism	Arabidopsis thaliana	http://purl.obolibrary.org/obo/NCBITaxon_3702
E-GEOD-64740		SRR2080051	characteristic	organism part	aerial part	http://www.ebi.ac.uk/efo/EFO_0001901
E-GEOD-64740		SRR2080051	factor	age	15 day
E-GEOD-64740		SRR2080051	factor	ecotype	S2-1
E-GEOD-64740		SRR2080051	factor	organism part	aerial part	http://www.ebi.ac.uk/efo/EFO_0001901
E-GEOD-64740		SRR2080052	characteristic	age	15 day
E-GEOD-64740		SRR2080052	characteristic	developmental stage	seedling developmental stage	http://purl.obolibrary.org/obo/PO_0007131
E-GEOD-64740		SRR2080052	characteristic	ecotype	S2-1
E-GEOD-64740		SRR2080052	characteristic	organism	Arabidopsis thaliana	http://purl.obolibrary.org/obo/NCBITaxon_3702
E-GEOD-64740		SRR2080052	characteristic	organism part	aerial part	http://www.ebi.ac.uk/efo/EFO_0001901
E-GEOD-64740		SRR2080052	factor	age	15 day
E-GEOD-64740		SRR2080052	factor	ecotype	S2-1
E-GEOD-64740		SRR2080052	factor	organism part	aerial part	http://www.ebi.ac.uk/efo/EFO_0001901
E-GEOD-64740		SRR2080053	characteristic	age	15 day
E-GEOD-64740		SRR2080053	characteristic	developmental stage	seedling developmental stage	http://purl.obolibrary.org/obo/PO_0007131
E-GEOD-64740		SRR2080053	characteristic	ecotype	C24 ecotype	http://www.ebi.ac.uk/efo/EFO_0006987
E-GEOD-64740		SRR2080053	characteristic	organism	Arabidopsis thaliana	http://purl.obolibrary.org/obo/NCBITaxon_3702
E-GEOD-64740		SRR2080053	characteristic	organism part	aerial part	http://www.ebi.ac.uk/efo/EFO_0001901
E-GEOD-64740		SRR2080053	factor	age	15 day
E-GEOD-64740		SRR2080053	factor	ecotype	C24 ecotype	http://www.ebi.ac.uk/efo/EFO_0006987
E-GEOD-64740		SRR2080053	factor	organism part	aerial part	http://www.ebi.ac.uk/efo/EFO_0001901
E-GEOD-64740		SRR2080054	characteristic	age	15 day
E-GEOD-64740		SRR2080054	characteristic	developmental stage	seedling developmental stage	http://purl.obolibrary.org/obo/PO_0007131
E-GEOD-64740		SRR2080054	characteristic	ecotype	C24 ecotype	http://www.ebi.ac.uk/efo/EFO_0006987
E-GEOD-64740		SRR2080054	characteristic	organism	Arabidopsis thaliana	http://purl.obolibrary.org/obo/NCBITaxon_3702
E-GEOD-64740		SRR2080054	characteristic	organism part	aerial part	http://www.ebi.ac.uk/efo/EFO_0001901
E-GEOD-64740		SRR2080054	factor	age	15 day
E-GEOD-64740		SRR2080054	factor	ecotype	C24 ecotype	http://www.ebi.ac.uk/efo/EFO_0006987
E-GEOD-64740		SRR2080054	factor	organism part	aerial part	http://www.ebi.ac.uk/efo/EFO_0001901
E-GEOD-64740		SRR2080055	characteristic	age	15 day
E-GEOD-64740		SRR2080055	characteristic	developmental stage	seedling developmental stage	http://purl.obolibrary.org/obo/PO_0007131
E-GEOD-64740		SRR2080055	characteristic	ecotype	Ler	http://www.ebi.ac.uk/efo/EFO_0005154
E-GEOD-64740		SRR2080055	characteristic	organism	Arabidopsis thaliana	http://purl.obolibrary.org/obo/NCBITaxon_3702
E-GEOD-64740		SRR2080055	characteristic	organism part	aerial part	http://www.ebi.ac.uk/efo/EFO_0001901
E-GEOD-64740		SRR2080055	factor	age	15 day
E-GEOD-64740		SRR2080055	factor	ecotype	Ler	http://www.ebi.ac.uk/efo/EFO_0005154
E-GEOD-64740		SRR2080055	factor	organism part	aerial part	http://www.ebi.ac.uk/efo/EFO_0001901
E-GEOD-64740		SRR2080056	characteristic	age	15 day
E-GEOD-64740		SRR2080056	characteristic	developmental stage	seedling developmental stage	http://purl.obolibrary.org/obo/PO_0007131
E-GEOD-64740		SRR2080056	characteristic	ecotype	Ler	http://www.ebi.ac.uk/efo/EFO_0005154
E-GEOD-64740		SRR2080056	characteristic	organism	Arabidopsis thaliana	http://purl.obolibrary.org/obo/NCBITaxon_3702
E-GEOD-64740		SRR2080056	characteristic	organism part	aerial part	http://www.ebi.ac.uk/efo/EFO_0001901
E-GEOD-64740		SRR2080056	factor	age	15 day
E-GEOD-64740		SRR2080056	factor	ecotype	Ler	http://www.ebi.ac.uk/efo/EFO_0005154
E-GEOD-64740		SRR2080056	factor	organism part	aerial part	http://www.ebi.ac.uk/efo/EFO_0001901
