E-MTAB-7978		ERR3333388	characteristic	age	28 to 35 day
E-MTAB-7978		ERR3333388	characteristic	developmental stage	flower stage 15
E-MTAB-7978		ERR3333388	characteristic	ecotype	Col-0	http://www.ebi.ac.uk/efo/EFO_0005148
E-MTAB-7978		ERR3333388	characteristic	genotype	wild type genotype
E-MTAB-7978		ERR3333388	characteristic	organism	Arabidopsis thaliana	http://purl.obolibrary.org/obo/NCBITaxon_3702
E-MTAB-7978		ERR3333388	characteristic	organism part	petal	http://purl.obolibrary.org/obo/PO_0009032
E-MTAB-7978		ERR3333388	characteristic	sampling site	not applicable	http://purl.obolibrary.org/obo/NCIT_C48660
E-MTAB-7978		ERR3333388	factor	developmental stage	flower stage 15
E-MTAB-7978		ERR3333388	factor	organism part	sepal	http://purl.obolibrary.org/obo/PO_0009031
E-MTAB-7978		ERR3333388	factor	sampling site	not applicable	http://purl.obolibrary.org/obo/NCIT_C48660
E-MTAB-7978		ERR3333389	characteristic	age	30 day
E-MTAB-7978		ERR3333389	characteristic	developmental stage	adult	http://www.ebi.ac.uk/efo/EFO_0001272
E-MTAB-7978		ERR3333389	characteristic	ecotype	Col-0	http://www.ebi.ac.uk/efo/EFO_0005148
E-MTAB-7978		ERR3333389	characteristic	genotype	wild type genotype
E-MTAB-7978		ERR3333389	characteristic	organism	Arabidopsis thaliana	http://purl.obolibrary.org/obo/NCBITaxon_3702
E-MTAB-7978		ERR3333389	characteristic	organism part	stem node	http://purl.obolibrary.org/obo/PO_0020141
E-MTAB-7978		ERR3333389	characteristic	sampling site	first node
E-MTAB-7978		ERR3333389	factor	developmental stage	adult	http://www.ebi.ac.uk/efo/EFO_0001272
E-MTAB-7978		ERR3333389	factor	organism part	stem node	http://purl.obolibrary.org/obo/PO_0020141
E-MTAB-7978		ERR3333389	factor	sampling site	first node
E-MTAB-7978		ERR3333390	characteristic	age	30 day
E-MTAB-7978		ERR3333390	characteristic	developmental stage	adult	http://www.ebi.ac.uk/efo/EFO_0001272
E-MTAB-7978		ERR3333390	characteristic	ecotype	Col-0	http://www.ebi.ac.uk/efo/EFO_0005148
E-MTAB-7978		ERR3333390	characteristic	genotype	wild type genotype
E-MTAB-7978		ERR3333390	characteristic	organism	Arabidopsis thaliana	http://purl.obolibrary.org/obo/NCBITaxon_3702
E-MTAB-7978		ERR3333390	characteristic	organism part	stem internode	http://purl.obolibrary.org/obo/PO_0020142
E-MTAB-7978		ERR3333390	characteristic	sampling site	second internode
E-MTAB-7978		ERR3333390	factor	developmental stage	adult	http://www.ebi.ac.uk/efo/EFO_0001272
E-MTAB-7978		ERR3333390	factor	organism part	stem internode	http://purl.obolibrary.org/obo/PO_0020142
E-MTAB-7978		ERR3333390	factor	sampling site	second internode
E-MTAB-7978		ERR3333391	characteristic	age	30 day
E-MTAB-7978		ERR3333391	characteristic	developmental stage	adult	http://www.ebi.ac.uk/efo/EFO_0001272
E-MTAB-7978		ERR3333391	characteristic	ecotype	Col-0	http://www.ebi.ac.uk/efo/EFO_0005148
E-MTAB-7978		ERR3333391	characteristic	genotype	wild type genotype
E-MTAB-7978		ERR3333391	characteristic	organism	Arabidopsis thaliana	http://purl.obolibrary.org/obo/NCBITaxon_3702
E-MTAB-7978		ERR3333391	characteristic	organism part	cauline leaf	http://purl.obolibrary.org/obo/PO_0000013
E-MTAB-7978		ERR3333391	characteristic	sampling site	not applicable	http://purl.obolibrary.org/obo/NCIT_C48660
E-MTAB-7978		ERR3333391	factor	developmental stage	adult	http://www.ebi.ac.uk/efo/EFO_0001272
E-MTAB-7978		ERR3333391	factor	organism part	cauline leaf	http://purl.obolibrary.org/obo/PO_0000013
E-MTAB-7978		ERR3333391	factor	sampling site	not applicable	http://purl.obolibrary.org/obo/NCIT_C48660
E-MTAB-7978		ERR3333392	characteristic	age	22 day
E-MTAB-7978		ERR3333392	characteristic	developmental stage	adult	http://www.ebi.ac.uk/efo/EFO_0001272
E-MTAB-7978		ERR3333392	characteristic	ecotype	Col-0	http://www.ebi.ac.uk/efo/EFO_0005148
E-MTAB-7978		ERR3333392	characteristic	genotype	wild type genotype
E-MTAB-7978		ERR3333392	characteristic	organism	Arabidopsis thaliana	http://purl.obolibrary.org/obo/NCBITaxon_3702
E-MTAB-7978		ERR3333392	characteristic	organism part	rosette leaf	http://purl.obolibrary.org/obo/PO_0000014
E-MTAB-7978		ERR3333392	characteristic	sampling site	rosette leaf 7 distal part
E-MTAB-7978		ERR3333392	factor	developmental stage	adult	http://www.ebi.ac.uk/efo/EFO_0001272
E-MTAB-7978		ERR3333392	factor	organism part	rosette leaf	http://purl.obolibrary.org/obo/PO_0000014
E-MTAB-7978		ERR3333392	factor	sampling site	rosette leaf 7 distal part
E-MTAB-7978		ERR3333393	characteristic	age	22 day
E-MTAB-7978		ERR3333393	characteristic	developmental stage	adult	http://www.ebi.ac.uk/efo/EFO_0001272
E-MTAB-7978		ERR3333393	characteristic	ecotype	Col-0	http://www.ebi.ac.uk/efo/EFO_0005148
E-MTAB-7978		ERR3333393	characteristic	genotype	wild type genotype
E-MTAB-7978		ERR3333393	characteristic	organism	Arabidopsis thaliana	http://purl.obolibrary.org/obo/NCBITaxon_3702
E-MTAB-7978		ERR3333393	characteristic	organism part	rosette leaf	http://purl.obolibrary.org/obo/PO_0000014
E-MTAB-7978		ERR3333393	characteristic	sampling site	rosette leaf 7 proximal part
E-MTAB-7978		ERR3333393	factor	developmental stage	adult	http://www.ebi.ac.uk/efo/EFO_0001272
E-MTAB-7978		ERR3333393	factor	organism part	rosette leaf	http://purl.obolibrary.org/obo/PO_0000014
E-MTAB-7978		ERR3333393	factor	sampling site	rosette leaf 7 proximal part
E-MTAB-7978		ERR3333394	characteristic	age	22 day
E-MTAB-7978		ERR3333394	characteristic	developmental stage	adult	http://www.ebi.ac.uk/efo/EFO_0001272
E-MTAB-7978		ERR3333394	characteristic	ecotype	Col-0	http://www.ebi.ac.uk/efo/EFO_0005148
E-MTAB-7978		ERR3333394	characteristic	genotype	wild type genotype
E-MTAB-7978		ERR3333394	characteristic	organism	Arabidopsis thaliana	http://purl.obolibrary.org/obo/NCBITaxon_3702
E-MTAB-7978		ERR3333394	characteristic	organism part	petiole	http://purl.obolibrary.org/obo/PO_0020038
E-MTAB-7978		ERR3333394	characteristic	sampling site	rosette leaf 7 petiole
E-MTAB-7978		ERR3333394	factor	developmental stage	adult	http://www.ebi.ac.uk/efo/EFO_0001272
E-MTAB-7978		ERR3333394	factor	organism part	petiole	http://purl.obolibrary.org/obo/PO_0020038
E-MTAB-7978		ERR3333394	factor	sampling site	rosette leaf 7 petiole
E-MTAB-7978		ERR3333395	characteristic	age	35 day
E-MTAB-7978		ERR3333395	characteristic	developmental stage	adult	http://www.ebi.ac.uk/efo/EFO_0001272
E-MTAB-7978		ERR3333395	characteristic	ecotype	Col-0	http://www.ebi.ac.uk/efo/EFO_0005148
E-MTAB-7978		ERR3333395	characteristic	genotype	wild type genotype
E-MTAB-7978		ERR3333395	characteristic	organism	Arabidopsis thaliana	http://purl.obolibrary.org/obo/NCBITaxon_3702
E-MTAB-7978		ERR3333395	characteristic	organism part	adult vascular leaf	http://purl.obolibrary.org/obo/PO_0006340
E-MTAB-7978		ERR3333395	characteristic	sampling site	not applicable	http://purl.obolibrary.org/obo/NCIT_C48660
E-MTAB-7978		ERR3333395	factor	developmental stage	adult	http://www.ebi.ac.uk/efo/EFO_0001272
E-MTAB-7978		ERR3333395	factor	organism part	adult vascular leaf	http://purl.obolibrary.org/obo/PO_0006340
E-MTAB-7978		ERR3333395	factor	sampling site	not applicable	http://purl.obolibrary.org/obo/NCIT_C48660
E-MTAB-7978		ERR3333396	characteristic	age	22 day
E-MTAB-7978		ERR3333396	characteristic	developmental stage	adult	http://www.ebi.ac.uk/efo/EFO_0001272
E-MTAB-7978		ERR3333396	characteristic	ecotype	Col-0	http://www.ebi.ac.uk/efo/EFO_0005148
E-MTAB-7978		ERR3333396	characteristic	genotype	wild type genotype
E-MTAB-7978		ERR3333396	characteristic	organism	Arabidopsis thaliana	http://purl.obolibrary.org/obo/NCBITaxon_3702
E-MTAB-7978		ERR3333396	characteristic	organism part	root	http://purl.obolibrary.org/obo/PO_0009005
E-MTAB-7978		ERR3333396	characteristic	sampling site	not applicable	http://purl.obolibrary.org/obo/NCIT_C48660
E-MTAB-7978		ERR3333396	factor	developmental stage	adult	http://www.ebi.ac.uk/efo/EFO_0001272
E-MTAB-7978		ERR3333396	factor	organism part	root	http://purl.obolibrary.org/obo/PO_0009005
E-MTAB-7978		ERR3333396	factor	sampling site	not applicable	http://purl.obolibrary.org/obo/NCIT_C48660
E-MTAB-7978		ERR3333397	characteristic	age	28 to 35 day
E-MTAB-7978		ERR3333397	characteristic	developmental stage	flower stage 15
E-MTAB-7978		ERR3333397	characteristic	ecotype	Col-0	http://www.ebi.ac.uk/efo/EFO_0005148
E-MTAB-7978		ERR3333397	characteristic	genotype	wild type genotype
E-MTAB-7978		ERR3333397	characteristic	organism	Arabidopsis thaliana	http://purl.obolibrary.org/obo/NCBITaxon_3702
E-MTAB-7978		ERR3333397	characteristic	organism part	flower pedicel	http://purl.obolibrary.org/obo/PO_0030113
E-MTAB-7978		ERR3333397	characteristic	sampling site	not applicable	http://purl.obolibrary.org/obo/NCIT_C48660
E-MTAB-7978		ERR3333397	factor	developmental stage	flower stage 15
E-MTAB-7978		ERR3333397	factor	organism part	flower pedicel	http://purl.obolibrary.org/obo/PO_0030113
E-MTAB-7978		ERR3333397	factor	sampling site	not applicable	http://purl.obolibrary.org/obo/NCIT_C48660
E-MTAB-7978		ERR3333398	characteristic	age	28 to 35 day
E-MTAB-7978		ERR3333398	characteristic	developmental stage	flower stage 15
E-MTAB-7978		ERR3333398	characteristic	ecotype	Col-0	http://www.ebi.ac.uk/efo/EFO_0005148
E-MTAB-7978		ERR3333398	characteristic	genotype	wild type genotype
E-MTAB-7978		ERR3333398	characteristic	organism	Arabidopsis thaliana	http://purl.obolibrary.org/obo/NCBITaxon_3702
E-MTAB-7978		ERR3333398	characteristic	organism part	flower	http://purl.obolibrary.org/obo/PO_0009046
E-MTAB-7978		ERR3333398	characteristic	sampling site	not applicable	http://purl.obolibrary.org/obo/NCIT_C48660
E-MTAB-7978		ERR3333398	factor	developmental stage	flower stage 15
E-MTAB-7978		ERR3333398	factor	organism part	flower	http://purl.obolibrary.org/obo/PO_0009046
E-MTAB-7978		ERR3333398	factor	sampling site	not applicable	http://purl.obolibrary.org/obo/NCIT_C48660
E-MTAB-7978		ERR3333399	characteristic	age	28 to 35 day
E-MTAB-7978		ERR3333399	characteristic	developmental stage	flower stage 15
E-MTAB-7978		ERR3333399	characteristic	ecotype	Col-0	http://www.ebi.ac.uk/efo/EFO_0005148
E-MTAB-7978		ERR3333399	characteristic	genotype	wild type genotype
E-MTAB-7978		ERR3333399	characteristic	organism	Arabidopsis thaliana	http://purl.obolibrary.org/obo/NCBITaxon_3702
E-MTAB-7978		ERR3333399	characteristic	organism part	sepal	http://purl.obolibrary.org/obo/PO_0009031
E-MTAB-7978		ERR3333399	characteristic	sampling site	not applicable	http://purl.obolibrary.org/obo/NCIT_C48660
E-MTAB-7978		ERR3333399	factor	developmental stage	flower stage 15
E-MTAB-7978		ERR3333399	factor	organism part	petal	http://purl.obolibrary.org/obo/PO_0009032
E-MTAB-7978		ERR3333399	factor	sampling site	not applicable	http://purl.obolibrary.org/obo/NCIT_C48660
E-MTAB-7978		ERR3333400	characteristic	age	35 to 42 day
E-MTAB-7978		ERR3333400	characteristic	developmental stage	adult	http://www.ebi.ac.uk/efo/EFO_0001272
E-MTAB-7978		ERR3333400	characteristic	ecotype	Col-0	http://www.ebi.ac.uk/efo/EFO_0005148
E-MTAB-7978		ERR3333400	characteristic	genotype	wild type genotype
E-MTAB-7978		ERR3333400	characteristic	organism	Arabidopsis thaliana	http://purl.obolibrary.org/obo/NCBITaxon_3702
E-MTAB-7978		ERR3333400	characteristic	organism part	fruit septum	http://purl.obolibrary.org/obo/PO_0025268
E-MTAB-7978		ERR3333400	characteristic	sampling site	not applicable	http://purl.obolibrary.org/obo/NCIT_C48660
E-MTAB-7978		ERR3333400	factor	developmental stage	adult	http://www.ebi.ac.uk/efo/EFO_0001272
E-MTAB-7978		ERR3333400	factor	organism part	fruit septum	http://purl.obolibrary.org/obo/PO_0025268
E-MTAB-7978		ERR3333400	factor	sampling site	not applicable	http://purl.obolibrary.org/obo/NCIT_C48660
E-MTAB-7978		ERR3333401	characteristic	age	35 to 42 day
E-MTAB-7978		ERR3333401	characteristic	developmental stage	adult	http://www.ebi.ac.uk/efo/EFO_0001272
E-MTAB-7978		ERR3333401	characteristic	ecotype	Col-0	http://www.ebi.ac.uk/efo/EFO_0005148
E-MTAB-7978		ERR3333401	characteristic	genotype	wild type genotype
E-MTAB-7978		ERR3333401	characteristic	organism	Arabidopsis thaliana	http://purl.obolibrary.org/obo/NCBITaxon_3702
E-MTAB-7978		ERR3333401	characteristic	organism part	fruit valve	http://purl.obolibrary.org/obo/PO_0000033
E-MTAB-7978		ERR3333401	characteristic	sampling site	not applicable	http://purl.obolibrary.org/obo/NCIT_C48660
E-MTAB-7978		ERR3333401	factor	developmental stage	adult	http://www.ebi.ac.uk/efo/EFO_0001272
E-MTAB-7978		ERR3333401	factor	organism part	fruit valve	http://purl.obolibrary.org/obo/PO_0000033
E-MTAB-7978		ERR3333401	factor	sampling site	not applicable	http://purl.obolibrary.org/obo/NCIT_C48660
E-MTAB-7978		ERR3333402	characteristic	age	14 day
E-MTAB-7978		ERR3333402	characteristic	developmental stage	callus	http://purl.obolibrary.org/obo/PO_0005052
E-MTAB-7978		ERR3333402	characteristic	ecotype	Col-0	http://www.ebi.ac.uk/efo/EFO_0005148
E-MTAB-7978		ERR3333402	characteristic	genotype	wild type genotype
E-MTAB-7978		ERR3333402	characteristic	organism	Arabidopsis thaliana	http://purl.obolibrary.org/obo/NCBITaxon_3702
E-MTAB-7978		ERR3333402	characteristic	organism part	plant callus	http://purl.obolibrary.org/obo/PO_0005052
E-MTAB-7978		ERR3333402	characteristic	sampling site	not applicable	http://purl.obolibrary.org/obo/NCIT_C48660
E-MTAB-7978		ERR3333402	factor	developmental stage	callus	http://purl.obolibrary.org/obo/PO_0005052
E-MTAB-7978		ERR3333402	factor	organism part	plant callus	http://purl.obolibrary.org/obo/PO_0005052
E-MTAB-7978		ERR3333402	factor	sampling site	not applicable	http://purl.obolibrary.org/obo/NCIT_C48660
E-MTAB-7978		ERR3333403	characteristic	age	14 day
E-MTAB-7978		ERR3333403	characteristic	developmental stage	callus	http://purl.obolibrary.org/obo/PO_0005052
E-MTAB-7978		ERR3333403	characteristic	ecotype	Col-0	http://www.ebi.ac.uk/efo/EFO_0005148
E-MTAB-7978		ERR3333403	characteristic	genotype	wild type genotype
E-MTAB-7978		ERR3333403	characteristic	organism	Arabidopsis thaliana	http://purl.obolibrary.org/obo/NCBITaxon_3702
E-MTAB-7978		ERR3333403	characteristic	organism part	plant callus	http://purl.obolibrary.org/obo/PO_0005052
E-MTAB-7978		ERR3333403	characteristic	sampling site	not applicable	http://purl.obolibrary.org/obo/NCIT_C48660
E-MTAB-7978		ERR3333403	factor	developmental stage	callus	http://purl.obolibrary.org/obo/PO_0005052
E-MTAB-7978		ERR3333403	factor	organism part	plant callus	http://purl.obolibrary.org/obo/PO_0005052
E-MTAB-7978		ERR3333403	factor	sampling site	not applicable	http://purl.obolibrary.org/obo/NCIT_C48660
E-MTAB-7978		ERR3333404	characteristic	age	3 day
E-MTAB-7978		ERR3333404	characteristic	developmental stage	cell culture	http://purl.obolibrary.org/obo/BTO_0000214
E-MTAB-7978		ERR3333404	characteristic	ecotype	Col-0	http://www.ebi.ac.uk/efo/EFO_0005148
E-MTAB-7978		ERR3333404	characteristic	genotype	wild type genotype
E-MTAB-7978		ERR3333404	characteristic	organism	Arabidopsis thaliana	http://purl.obolibrary.org/obo/NCBITaxon_3702
E-MTAB-7978		ERR3333404	characteristic	organism part	root	http://purl.obolibrary.org/obo/PO_0009005
E-MTAB-7978		ERR3333404	characteristic	sampling site	not applicable	http://purl.obolibrary.org/obo/NCIT_C48660
E-MTAB-7978		ERR3333404	factor	developmental stage	cell culture	http://purl.obolibrary.org/obo/BTO_0000214
E-MTAB-7978		ERR3333404	factor	organism part	root	http://purl.obolibrary.org/obo/PO_0009005
E-MTAB-7978		ERR3333404	factor	sampling site	not applicable	http://purl.obolibrary.org/obo/NCIT_C48660
E-MTAB-7978		ERR3333405	characteristic	age	10 day
E-MTAB-7978		ERR3333405	characteristic	developmental stage	cell culture	http://purl.obolibrary.org/obo/BTO_0000214
E-MTAB-7978		ERR3333405	characteristic	ecotype	Col-0	http://www.ebi.ac.uk/efo/EFO_0005148
E-MTAB-7978		ERR3333405	characteristic	genotype	wild type genotype
E-MTAB-7978		ERR3333405	characteristic	organism	Arabidopsis thaliana	http://purl.obolibrary.org/obo/NCBITaxon_3702
E-MTAB-7978		ERR3333405	characteristic	organism part	root	http://purl.obolibrary.org/obo/PO_0009005
E-MTAB-7978		ERR3333405	characteristic	sampling site	not applicable	http://purl.obolibrary.org/obo/NCIT_C48660
E-MTAB-7978		ERR3333405	factor	developmental stage	cell culture	http://purl.obolibrary.org/obo/BTO_0000214
E-MTAB-7978		ERR3333405	factor	organism part	root	http://purl.obolibrary.org/obo/PO_0009005
E-MTAB-7978		ERR3333405	factor	sampling site	not applicable	http://purl.obolibrary.org/obo/NCIT_C48660
E-MTAB-7978		ERR3333406	characteristic	age	7 day
E-MTAB-7978		ERR3333406	characteristic	developmental stage	seedling	http://purl.obolibrary.org/obo/PO_0007131
E-MTAB-7978		ERR3333406	characteristic	ecotype	Col-0	http://www.ebi.ac.uk/efo/EFO_0005148
E-MTAB-7978		ERR3333406	characteristic	genotype	wild type genotype
E-MTAB-7978		ERR3333406	characteristic	organism	Arabidopsis thaliana	http://purl.obolibrary.org/obo/NCBITaxon_3702
E-MTAB-7978		ERR3333406	characteristic	organism part	cotyledon	http://purl.obolibrary.org/obo/PO_0020030
E-MTAB-7978		ERR3333406	characteristic	sampling site	not applicable	http://purl.obolibrary.org/obo/NCIT_C48660
E-MTAB-7978		ERR3333406	factor	developmental stage	seedling	http://purl.obolibrary.org/obo/PO_0007131
E-MTAB-7978		ERR3333406	factor	organism part	cotyledon	http://purl.obolibrary.org/obo/PO_0020030
E-MTAB-7978		ERR3333406	factor	sampling site	not applicable	http://purl.obolibrary.org/obo/NCIT_C48660
E-MTAB-7978		ERR3333407	characteristic	age	7 day
E-MTAB-7978		ERR3333407	characteristic	developmental stage	seedling	http://purl.obolibrary.org/obo/PO_0007131
E-MTAB-7978		ERR3333407	characteristic	ecotype	Col-0	http://www.ebi.ac.uk/efo/EFO_0005148
E-MTAB-7978		ERR3333407	characteristic	genotype	wild type genotype
E-MTAB-7978		ERR3333407	characteristic	organism	Arabidopsis thaliana	http://purl.obolibrary.org/obo/NCBITaxon_3702
E-MTAB-7978		ERR3333407	characteristic	organism part	hypocotyl	http://purl.obolibrary.org/obo/PO_0020100
E-MTAB-7978		ERR3333407	characteristic	sampling site	not applicable	http://purl.obolibrary.org/obo/NCIT_C48660
E-MTAB-7978		ERR3333407	factor	developmental stage	seedling	http://purl.obolibrary.org/obo/PO_0007131
E-MTAB-7978		ERR3333407	factor	organism part	hypocotyl	http://purl.obolibrary.org/obo/PO_0020100
E-MTAB-7978		ERR3333407	factor	sampling site	not applicable	http://purl.obolibrary.org/obo/NCIT_C48660
E-MTAB-7978		ERR3333408	characteristic	age	7 day
E-MTAB-7978		ERR3333408	characteristic	developmental stage	seedling	http://purl.obolibrary.org/obo/PO_0007131
E-MTAB-7978		ERR3333408	characteristic	ecotype	Col-0	http://www.ebi.ac.uk/efo/EFO_0005148
E-MTAB-7978		ERR3333408	characteristic	genotype	wild type genotype
E-MTAB-7978		ERR3333408	characteristic	organism	Arabidopsis thaliana	http://purl.obolibrary.org/obo/NCBITaxon_3702
E-MTAB-7978		ERR3333408	characteristic	organism part	root tip	http://purl.obolibrary.org/obo/PO_0000025
E-MTAB-7978		ERR3333408	characteristic	sampling site	not applicable	http://purl.obolibrary.org/obo/NCIT_C48660
E-MTAB-7978		ERR3333408	factor	developmental stage	seedling	http://purl.obolibrary.org/obo/PO_0007131
E-MTAB-7978		ERR3333408	factor	organism part	root tip	http://purl.obolibrary.org/obo/PO_0000025
E-MTAB-7978		ERR3333408	factor	sampling site	not applicable	http://purl.obolibrary.org/obo/NCIT_C48660
E-MTAB-7978		ERR3333409	characteristic	age	7 day
E-MTAB-7978		ERR3333409	characteristic	developmental stage	seedling	http://purl.obolibrary.org/obo/PO_0007131
E-MTAB-7978		ERR3333409	characteristic	ecotype	Col-0	http://www.ebi.ac.uk/efo/EFO_0005148
E-MTAB-7978		ERR3333409	characteristic	genotype	wild type genotype
E-MTAB-7978		ERR3333409	characteristic	organism	Arabidopsis thaliana	http://purl.obolibrary.org/obo/NCBITaxon_3702
E-MTAB-7978		ERR3333409	characteristic	organism part	root tip	http://purl.obolibrary.org/obo/PO_0000025
E-MTAB-7978		ERR3333409	characteristic	sampling site	upper zone
E-MTAB-7978		ERR3333409	factor	developmental stage	seedling	http://purl.obolibrary.org/obo/PO_0007131
E-MTAB-7978		ERR3333409	factor	organism part	root tip	http://purl.obolibrary.org/obo/PO_0000025
E-MTAB-7978		ERR3333409	factor	sampling site	upper zone
E-MTAB-7978		ERR3333410	characteristic	age	28 to 35 day
E-MTAB-7978		ERR3333410	characteristic	developmental stage	flower stage 15
E-MTAB-7978		ERR3333410	characteristic	ecotype	Col-0	http://www.ebi.ac.uk/efo/EFO_0005148
E-MTAB-7978		ERR3333410	characteristic	genotype	wild type genotype
E-MTAB-7978		ERR3333410	characteristic	organism	Arabidopsis thaliana	http://purl.obolibrary.org/obo/NCBITaxon_3702
E-MTAB-7978		ERR3333410	characteristic	organism part	stamen	http://purl.obolibrary.org/obo/PO_0009029
E-MTAB-7978		ERR3333410	characteristic	sampling site	not applicable	http://purl.obolibrary.org/obo/NCIT_C48660
E-MTAB-7978		ERR3333410	factor	developmental stage	flower stage 15
E-MTAB-7978		ERR3333410	factor	organism part	stamen	http://purl.obolibrary.org/obo/PO_0009029
E-MTAB-7978		ERR3333410	factor	sampling site	not applicable	http://purl.obolibrary.org/obo/NCIT_C48660
E-MTAB-7978		ERR3333411	characteristic	age	7 day
E-MTAB-7978		ERR3333411	characteristic	developmental stage	seedling	http://purl.obolibrary.org/obo/PO_0007131
E-MTAB-7978		ERR3333411	characteristic	ecotype	Col-0	http://www.ebi.ac.uk/efo/EFO_0005148
E-MTAB-7978		ERR3333411	characteristic	genotype	wild type genotype
E-MTAB-7978		ERR3333411	characteristic	organism	Arabidopsis thaliana	http://purl.obolibrary.org/obo/NCBITaxon_3702
E-MTAB-7978		ERR3333411	characteristic	organism part	mixed shoot apical meristem, cotyledon and first leaves
E-MTAB-7978		ERR3333411	characteristic	sampling site	not applicable	http://purl.obolibrary.org/obo/NCIT_C48660
E-MTAB-7978		ERR3333411	factor	developmental stage	seedling	http://purl.obolibrary.org/obo/PO_0007131
E-MTAB-7978		ERR3333411	factor	organism part	mixed shoot apical meristem, cotyledon and first leaves
E-MTAB-7978		ERR3333411	factor	sampling site	not applicable	http://purl.obolibrary.org/obo/NCIT_C48660
E-MTAB-7978		ERR3333412	characteristic	age	22 day
E-MTAB-7978		ERR3333412	characteristic	developmental stage	adult	http://www.ebi.ac.uk/efo/EFO_0001272
E-MTAB-7978		ERR3333412	characteristic	ecotype	Col-0	http://www.ebi.ac.uk/efo/EFO_0005148
E-MTAB-7978		ERR3333412	characteristic	genotype	wild type genotype
E-MTAB-7978		ERR3333412	characteristic	organism	Arabidopsis thaliana	http://purl.obolibrary.org/obo/NCBITaxon_3702
E-MTAB-7978		ERR3333412	characteristic	organism part	cotyledon	http://purl.obolibrary.org/obo/PO_0020030
E-MTAB-7978		ERR3333412	characteristic	sampling site	not applicable	http://purl.obolibrary.org/obo/NCIT_C48660
E-MTAB-7978		ERR3333412	factor	developmental stage	adult	http://www.ebi.ac.uk/efo/EFO_0001272
E-MTAB-7978		ERR3333412	factor	organism part	cotyledon	http://purl.obolibrary.org/obo/PO_0020030
E-MTAB-7978		ERR3333412	factor	sampling site	not applicable	http://purl.obolibrary.org/obo/NCIT_C48660
E-MTAB-7978		ERR3333413	characteristic	age	22 day
E-MTAB-7978		ERR3333413	characteristic	developmental stage	adult	http://www.ebi.ac.uk/efo/EFO_0001272
E-MTAB-7978		ERR3333413	characteristic	ecotype	Col-0	http://www.ebi.ac.uk/efo/EFO_0005148
E-MTAB-7978		ERR3333413	characteristic	genotype	wild type genotype
E-MTAB-7978		ERR3333413	characteristic	organism	Arabidopsis thaliana	http://purl.obolibrary.org/obo/NCBITaxon_3702
E-MTAB-7978		ERR3333413	characteristic	organism part	rosette leaf	http://purl.obolibrary.org/obo/PO_0000014
E-MTAB-7978		ERR3333413	characteristic	sampling site	rosette leaf 1	http://purl.obolibrary.org/obo/PO_0000014
E-MTAB-7978		ERR3333413	factor	developmental stage	adult	http://www.ebi.ac.uk/efo/EFO_0001272
E-MTAB-7978		ERR3333413	factor	organism part	rosette leaf	http://purl.obolibrary.org/obo/PO_0000014
E-MTAB-7978		ERR3333413	factor	sampling site	rosette leaf 1	http://purl.obolibrary.org/obo/PO_0000014
E-MTAB-7978		ERR3333414	characteristic	age	22 day
E-MTAB-7978		ERR3333414	characteristic	developmental stage	adult	http://www.ebi.ac.uk/efo/EFO_0001272
E-MTAB-7978		ERR3333414	characteristic	ecotype	Col-0	http://www.ebi.ac.uk/efo/EFO_0005148
E-MTAB-7978		ERR3333414	characteristic	genotype	wild type genotype
E-MTAB-7978		ERR3333414	characteristic	organism	Arabidopsis thaliana	http://purl.obolibrary.org/obo/NCBITaxon_3702
E-MTAB-7978		ERR3333414	characteristic	organism part	rosette leaf	http://purl.obolibrary.org/obo/PO_0000014
E-MTAB-7978		ERR3333414	characteristic	sampling site	rosette leaf 2	http://purl.obolibrary.org/obo/PO_0000014
E-MTAB-7978		ERR3333414	factor	developmental stage	adult	http://www.ebi.ac.uk/efo/EFO_0001272
E-MTAB-7978		ERR3333414	factor	organism part	rosette leaf	http://purl.obolibrary.org/obo/PO_0000014
E-MTAB-7978		ERR3333414	factor	sampling site	rosette leaf 2	http://purl.obolibrary.org/obo/PO_0000014
E-MTAB-7978		ERR3333415	characteristic	age	22 day
E-MTAB-7978		ERR3333415	characteristic	developmental stage	adult	http://www.ebi.ac.uk/efo/EFO_0001272
E-MTAB-7978		ERR3333415	characteristic	ecotype	Col-0	http://www.ebi.ac.uk/efo/EFO_0005148
E-MTAB-7978		ERR3333415	characteristic	genotype	wild type genotype
E-MTAB-7978		ERR3333415	characteristic	organism	Arabidopsis thaliana	http://purl.obolibrary.org/obo/NCBITaxon_3702
E-MTAB-7978		ERR3333415	characteristic	organism part	rosette leaf	http://purl.obolibrary.org/obo/PO_0000014
E-MTAB-7978		ERR3333415	characteristic	sampling site	rosette leaf 3	http://purl.obolibrary.org/obo/PO_0000014
E-MTAB-7978		ERR3333415	factor	developmental stage	adult	http://www.ebi.ac.uk/efo/EFO_0001272
E-MTAB-7978		ERR3333415	factor	organism part	rosette leaf	http://purl.obolibrary.org/obo/PO_0000014
E-MTAB-7978		ERR3333415	factor	sampling site	rosette leaf 3	http://purl.obolibrary.org/obo/PO_0000014
E-MTAB-7978		ERR3333416	characteristic	age	22 day
E-MTAB-7978		ERR3333416	characteristic	developmental stage	adult	http://www.ebi.ac.uk/efo/EFO_0001272
E-MTAB-7978		ERR3333416	characteristic	ecotype	Col-0	http://www.ebi.ac.uk/efo/EFO_0005148
E-MTAB-7978		ERR3333416	characteristic	genotype	wild type genotype
E-MTAB-7978		ERR3333416	characteristic	organism	Arabidopsis thaliana	http://purl.obolibrary.org/obo/NCBITaxon_3702
E-MTAB-7978		ERR3333416	characteristic	organism part	rosette leaf	http://purl.obolibrary.org/obo/PO_0000014
E-MTAB-7978		ERR3333416	characteristic	sampling site	rosette leaf 4	http://purl.obolibrary.org/obo/PO_0000014
E-MTAB-7978		ERR3333416	factor	developmental stage	adult	http://www.ebi.ac.uk/efo/EFO_0001272
E-MTAB-7978		ERR3333416	factor	organism part	rosette leaf	http://purl.obolibrary.org/obo/PO_0000014
E-MTAB-7978		ERR3333416	factor	sampling site	rosette leaf 4	http://purl.obolibrary.org/obo/PO_0000014
E-MTAB-7978		ERR3333417	characteristic	age	22 day
E-MTAB-7978		ERR3333417	characteristic	developmental stage	adult	http://www.ebi.ac.uk/efo/EFO_0001272
E-MTAB-7978		ERR3333417	characteristic	ecotype	Col-0	http://www.ebi.ac.uk/efo/EFO_0005148
E-MTAB-7978		ERR3333417	characteristic	genotype	wild type genotype
E-MTAB-7978		ERR3333417	characteristic	organism	Arabidopsis thaliana	http://purl.obolibrary.org/obo/NCBITaxon_3702
E-MTAB-7978		ERR3333417	characteristic	organism part	rosette leaf	http://purl.obolibrary.org/obo/PO_0000014
E-MTAB-7978		ERR3333417	characteristic	sampling site	rosette leaf 5	http://purl.obolibrary.org/obo/PO_0000014
E-MTAB-7978		ERR3333417	factor	developmental stage	adult	http://www.ebi.ac.uk/efo/EFO_0001272
E-MTAB-7978		ERR3333417	factor	organism part	rosette leaf	http://purl.obolibrary.org/obo/PO_0000014
E-MTAB-7978		ERR3333417	factor	sampling site	rosette leaf 5	http://purl.obolibrary.org/obo/PO_0000014
E-MTAB-7978		ERR3333418	characteristic	age	22 day
E-MTAB-7978		ERR3333418	characteristic	developmental stage	adult	http://www.ebi.ac.uk/efo/EFO_0001272
E-MTAB-7978		ERR3333418	characteristic	ecotype	Col-0	http://www.ebi.ac.uk/efo/EFO_0005148
E-MTAB-7978		ERR3333418	characteristic	genotype	wild type genotype
E-MTAB-7978		ERR3333418	characteristic	organism	Arabidopsis thaliana	http://purl.obolibrary.org/obo/NCBITaxon_3702
E-MTAB-7978		ERR3333418	characteristic	organism part	rosette leaf	http://purl.obolibrary.org/obo/PO_0000014
E-MTAB-7978		ERR3333418	characteristic	sampling site	rosette leaf 6	http://purl.obolibrary.org/obo/PO_0000014
E-MTAB-7978		ERR3333418	factor	developmental stage	adult	http://www.ebi.ac.uk/efo/EFO_0001272
E-MTAB-7978		ERR3333418	factor	organism part	rosette leaf	http://purl.obolibrary.org/obo/PO_0000014
E-MTAB-7978		ERR3333418	factor	sampling site	rosette leaf 6	http://purl.obolibrary.org/obo/PO_0000014
E-MTAB-7978		ERR3333419	characteristic	age	22 day
E-MTAB-7978		ERR3333419	characteristic	developmental stage	adult	http://www.ebi.ac.uk/efo/EFO_0001272
E-MTAB-7978		ERR3333419	characteristic	ecotype	Col-0	http://www.ebi.ac.uk/efo/EFO_0005148
E-MTAB-7978		ERR3333419	characteristic	genotype	wild type genotype
E-MTAB-7978		ERR3333419	characteristic	organism	Arabidopsis thaliana	http://purl.obolibrary.org/obo/NCBITaxon_3702
E-MTAB-7978		ERR3333419	characteristic	organism part	rosette leaf	http://purl.obolibrary.org/obo/PO_0000014
E-MTAB-7978		ERR3333419	characteristic	sampling site	rosette leaf 7	http://purl.obolibrary.org/obo/PO_0000014
E-MTAB-7978		ERR3333419	factor	developmental stage	adult	http://www.ebi.ac.uk/efo/EFO_0001272
E-MTAB-7978		ERR3333419	factor	organism part	rosette leaf	http://purl.obolibrary.org/obo/PO_0000014
E-MTAB-7978		ERR3333419	factor	sampling site	rosette leaf 7	http://purl.obolibrary.org/obo/PO_0000014
E-MTAB-7978		ERR3333420	characteristic	age	22 day
E-MTAB-7978		ERR3333420	characteristic	developmental stage	adult	http://www.ebi.ac.uk/efo/EFO_0001272
E-MTAB-7978		ERR3333420	characteristic	ecotype	Col-0	http://www.ebi.ac.uk/efo/EFO_0005148
E-MTAB-7978		ERR3333420	characteristic	genotype	wild type genotype
E-MTAB-7978		ERR3333420	characteristic	organism	Arabidopsis thaliana	http://purl.obolibrary.org/obo/NCBITaxon_3702
E-MTAB-7978		ERR3333420	characteristic	organism part	rosette leaf	http://purl.obolibrary.org/obo/PO_0000014
E-MTAB-7978		ERR3333420	characteristic	sampling site	rosette leaf 8	http://purl.obolibrary.org/obo/PO_0000014
E-MTAB-7978		ERR3333420	factor	developmental stage	adult	http://www.ebi.ac.uk/efo/EFO_0001272
E-MTAB-7978		ERR3333420	factor	organism part	rosette leaf	http://purl.obolibrary.org/obo/PO_0000014
E-MTAB-7978		ERR3333420	factor	sampling site	rosette leaf 8	http://purl.obolibrary.org/obo/PO_0000014
E-MTAB-7978		ERR3333421	characteristic	age	28 to 35 day
E-MTAB-7978		ERR3333421	characteristic	developmental stage	flower stage 15
E-MTAB-7978		ERR3333421	characteristic	ecotype	Col-0	http://www.ebi.ac.uk/efo/EFO_0005148
E-MTAB-7978		ERR3333421	characteristic	genotype	wild type genotype
E-MTAB-7978		ERR3333421	characteristic	organism	Arabidopsis thaliana	http://purl.obolibrary.org/obo/NCBITaxon_3702
E-MTAB-7978		ERR3333421	characteristic	organism part	carpel	http://purl.obolibrary.org/obo/PO_0009030
E-MTAB-7978		ERR3333421	characteristic	sampling site	not applicable	http://purl.obolibrary.org/obo/NCIT_C48660
E-MTAB-7978		ERR3333421	factor	developmental stage	flower stage 15
E-MTAB-7978		ERR3333421	factor	organism part	carpel	http://purl.obolibrary.org/obo/PO_0009030
E-MTAB-7978		ERR3333421	factor	sampling site	not applicable	http://purl.obolibrary.org/obo/NCIT_C48660
E-MTAB-7978		ERR3333422	characteristic	age	22 day
E-MTAB-7978		ERR3333422	characteristic	developmental stage	adult	http://www.ebi.ac.uk/efo/EFO_0001272
E-MTAB-7978		ERR3333422	characteristic	ecotype	Col-0	http://www.ebi.ac.uk/efo/EFO_0005148
E-MTAB-7978		ERR3333422	characteristic	genotype	wild type genotype
E-MTAB-7978		ERR3333422	characteristic	organism	Arabidopsis thaliana	http://purl.obolibrary.org/obo/NCBITaxon_3702
E-MTAB-7978		ERR3333422	characteristic	organism part	rosette leaf	http://purl.obolibrary.org/obo/PO_0000014
E-MTAB-7978		ERR3333422	characteristic	sampling site	rosette leaf 9	http://purl.obolibrary.org/obo/PO_0000014
E-MTAB-7978		ERR3333422	factor	developmental stage	adult	http://www.ebi.ac.uk/efo/EFO_0001272
E-MTAB-7978		ERR3333422	factor	organism part	rosette leaf	http://purl.obolibrary.org/obo/PO_0000014
E-MTAB-7978		ERR3333422	factor	sampling site	rosette leaf 9	http://purl.obolibrary.org/obo/PO_0000014
E-MTAB-7978		ERR3333423	characteristic	age	22 day
E-MTAB-7978		ERR3333423	characteristic	developmental stage	adult	http://www.ebi.ac.uk/efo/EFO_0001272
E-MTAB-7978		ERR3333423	characteristic	ecotype	Col-0	http://www.ebi.ac.uk/efo/EFO_0005148
E-MTAB-7978		ERR3333423	characteristic	genotype	wild type genotype
E-MTAB-7978		ERR3333423	characteristic	organism	Arabidopsis thaliana	http://purl.obolibrary.org/obo/NCBITaxon_3702
E-MTAB-7978		ERR3333423	characteristic	organism part	rosette leaf	http://purl.obolibrary.org/obo/PO_0000014
E-MTAB-7978		ERR3333423	characteristic	sampling site	rosette leaf 10	http://purl.obolibrary.org/obo/PO_0000014
E-MTAB-7978		ERR3333423	factor	developmental stage	adult	http://www.ebi.ac.uk/efo/EFO_0001272
E-MTAB-7978		ERR3333423	factor	organism part	rosette leaf	http://purl.obolibrary.org/obo/PO_0000014
E-MTAB-7978		ERR3333423	factor	sampling site	rosette leaf 10	http://purl.obolibrary.org/obo/PO_0000014
E-MTAB-7978		ERR3333424	characteristic	age	22 day
E-MTAB-7978		ERR3333424	characteristic	developmental stage	adult	http://www.ebi.ac.uk/efo/EFO_0001272
E-MTAB-7978		ERR3333424	characteristic	ecotype	Col-0	http://www.ebi.ac.uk/efo/EFO_0005148
E-MTAB-7978		ERR3333424	characteristic	genotype	wild type genotype
E-MTAB-7978		ERR3333424	characteristic	organism	Arabidopsis thaliana	http://purl.obolibrary.org/obo/NCBITaxon_3702
E-MTAB-7978		ERR3333424	characteristic	organism part	rosette leaf	http://purl.obolibrary.org/obo/PO_0000014
E-MTAB-7978		ERR3333424	characteristic	sampling site	rosette leaf 11	http://purl.obolibrary.org/obo/PO_0000014
E-MTAB-7978		ERR3333424	factor	developmental stage	adult	http://www.ebi.ac.uk/efo/EFO_0001272
E-MTAB-7978		ERR3333424	factor	organism part	rosette leaf	http://purl.obolibrary.org/obo/PO_0000014
E-MTAB-7978		ERR3333424	factor	sampling site	rosette leaf 11	http://purl.obolibrary.org/obo/PO_0000014
E-MTAB-7978		ERR3333425	characteristic	age	22 day
E-MTAB-7978		ERR3333425	characteristic	developmental stage	adult	http://www.ebi.ac.uk/efo/EFO_0001272
E-MTAB-7978		ERR3333425	characteristic	ecotype	Col-0	http://www.ebi.ac.uk/efo/EFO_0005148
E-MTAB-7978		ERR3333425	characteristic	genotype	wild type genotype
E-MTAB-7978		ERR3333425	characteristic	organism	Arabidopsis thaliana	http://purl.obolibrary.org/obo/NCBITaxon_3702
E-MTAB-7978		ERR3333425	characteristic	organism part	rosette leaf	http://purl.obolibrary.org/obo/PO_0000014
E-MTAB-7978		ERR3333425	characteristic	sampling site	rosette leaf 12	http://purl.obolibrary.org/obo/PO_0000014
E-MTAB-7978		ERR3333425	factor	developmental stage	adult	http://www.ebi.ac.uk/efo/EFO_0001272
E-MTAB-7978		ERR3333425	factor	organism part	rosette leaf	http://purl.obolibrary.org/obo/PO_0000014
E-MTAB-7978		ERR3333425	factor	sampling site	rosette leaf 12	http://purl.obolibrary.org/obo/PO_0000014
E-MTAB-7978		ERR3333426	characteristic	age	28 to 35 day
E-MTAB-7978		ERR3333426	characteristic	developmental stage	flower stage 9
E-MTAB-7978		ERR3333426	characteristic	ecotype	Col-0	http://www.ebi.ac.uk/efo/EFO_0005148
E-MTAB-7978		ERR3333426	characteristic	genotype	wild type genotype
E-MTAB-7978		ERR3333426	characteristic	organism	Arabidopsis thaliana	http://purl.obolibrary.org/obo/NCBITaxon_3702
E-MTAB-7978		ERR3333426	characteristic	organism part	flower	http://purl.obolibrary.org/obo/PO_0009046
E-MTAB-7978		ERR3333426	characteristic	sampling site	not applicable	http://purl.obolibrary.org/obo/NCIT_C48660
E-MTAB-7978		ERR3333426	factor	developmental stage	flower stage 9
E-MTAB-7978		ERR3333426	factor	organism part	flower	http://purl.obolibrary.org/obo/PO_0009046
E-MTAB-7978		ERR3333426	factor	sampling site	not applicable	http://purl.obolibrary.org/obo/NCIT_C48660
E-MTAB-7978		ERR3333427	characteristic	age	28 to 35 day
E-MTAB-7978		ERR3333427	characteristic	developmental stage	flower stage 10
E-MTAB-7978		ERR3333427	characteristic	ecotype	Col-0	http://www.ebi.ac.uk/efo/EFO_0005148
E-MTAB-7978		ERR3333427	characteristic	genotype	wild type genotype
E-MTAB-7978		ERR3333427	characteristic	organism	Arabidopsis thaliana	http://purl.obolibrary.org/obo/NCBITaxon_3702
E-MTAB-7978		ERR3333427	characteristic	organism part	flower	http://purl.obolibrary.org/obo/PO_0009046
E-MTAB-7978		ERR3333427	characteristic	sampling site	not applicable	http://purl.obolibrary.org/obo/NCIT_C48660
E-MTAB-7978		ERR3333427	factor	developmental stage	flower stage 10
E-MTAB-7978		ERR3333427	factor	organism part	flower	http://purl.obolibrary.org/obo/PO_0009046
E-MTAB-7978		ERR3333427	factor	sampling site	not applicable	http://purl.obolibrary.org/obo/NCIT_C48660
E-MTAB-7978		ERR3333428	characteristic	age	28 to 35 day
E-MTAB-7978		ERR3333428	characteristic	developmental stage	flower stage 11
E-MTAB-7978		ERR3333428	characteristic	ecotype	Col-0	http://www.ebi.ac.uk/efo/EFO_0005148
E-MTAB-7978		ERR3333428	characteristic	genotype	wild type genotype
E-MTAB-7978		ERR3333428	characteristic	organism	Arabidopsis thaliana	http://purl.obolibrary.org/obo/NCBITaxon_3702
E-MTAB-7978		ERR3333428	characteristic	organism part	flower	http://purl.obolibrary.org/obo/PO_0009046
E-MTAB-7978		ERR3333428	characteristic	sampling site	not applicable	http://purl.obolibrary.org/obo/NCIT_C48660
E-MTAB-7978		ERR3333428	factor	developmental stage	flower stage 11
E-MTAB-7978		ERR3333428	factor	organism part	flower	http://purl.obolibrary.org/obo/PO_0009046
E-MTAB-7978		ERR3333428	factor	sampling site	not applicable	http://purl.obolibrary.org/obo/NCIT_C48660
E-MTAB-7978		ERR3333429	characteristic	age	28 to 35 day
E-MTAB-7978		ERR3333429	characteristic	developmental stage	flower stage 12
E-MTAB-7978		ERR3333429	characteristic	ecotype	Col-0	http://www.ebi.ac.uk/efo/EFO_0005148
E-MTAB-7978		ERR3333429	characteristic	genotype	wild type genotype
E-MTAB-7978		ERR3333429	characteristic	organism	Arabidopsis thaliana	http://purl.obolibrary.org/obo/NCBITaxon_3702
E-MTAB-7978		ERR3333429	characteristic	organism part	flower	http://purl.obolibrary.org/obo/PO_0009046
E-MTAB-7978		ERR3333429	characteristic	sampling site	not applicable	http://purl.obolibrary.org/obo/NCIT_C48660
E-MTAB-7978		ERR3333429	factor	developmental stage	flower stage 12
E-MTAB-7978		ERR3333429	factor	organism part	flower	http://purl.obolibrary.org/obo/PO_0009046
E-MTAB-7978		ERR3333429	factor	sampling site	not applicable	http://purl.obolibrary.org/obo/NCIT_C48660
E-MTAB-7978		ERR3333430	characteristic	age	28 to 35 day
E-MTAB-7978		ERR3333430	characteristic	developmental stage	flower stage 13
E-MTAB-7978		ERR3333430	characteristic	ecotype	Col-0	http://www.ebi.ac.uk/efo/EFO_0005148
E-MTAB-7978		ERR3333430	characteristic	genotype	wild type genotype
E-MTAB-7978		ERR3333430	characteristic	organism	Arabidopsis thaliana	http://purl.obolibrary.org/obo/NCBITaxon_3702
E-MTAB-7978		ERR3333430	characteristic	organism part	flower	http://purl.obolibrary.org/obo/PO_0009046
E-MTAB-7978		ERR3333430	characteristic	sampling site	not applicable	http://purl.obolibrary.org/obo/NCIT_C48660
E-MTAB-7978		ERR3333430	factor	developmental stage	flower stage 13
E-MTAB-7978		ERR3333430	factor	organism part	flower	http://purl.obolibrary.org/obo/PO_0009046
E-MTAB-7978		ERR3333430	factor	sampling site	not applicable	http://purl.obolibrary.org/obo/NCIT_C48660
E-MTAB-7978		ERR3333431	characteristic	age	28 to 35 day
E-MTAB-7978		ERR3333431	characteristic	developmental stage	silique stage 1
E-MTAB-7978		ERR3333431	characteristic	ecotype	Col-0	http://www.ebi.ac.uk/efo/EFO_0005148
E-MTAB-7978		ERR3333431	characteristic	genotype	wild type genotype
E-MTAB-7978		ERR3333431	characteristic	organism	Arabidopsis thaliana	http://purl.obolibrary.org/obo/NCBITaxon_3702
E-MTAB-7978		ERR3333431	characteristic	organism part	silique	http://purl.obolibrary.org/obo/PO_0030106
E-MTAB-7978		ERR3333431	characteristic	sampling site	not applicable	http://purl.obolibrary.org/obo/NCIT_C48660
E-MTAB-7978		ERR3333431	factor	developmental stage	silique stage 1
E-MTAB-7978		ERR3333431	factor	organism part	silique	http://purl.obolibrary.org/obo/PO_0030106
E-MTAB-7978		ERR3333431	factor	sampling site	not applicable	http://purl.obolibrary.org/obo/NCIT_C48660
E-MTAB-7978		ERR3333432	characteristic	age	28 to 35 day
E-MTAB-7978		ERR3333432	characteristic	developmental stage	silique stage 3
E-MTAB-7978		ERR3333432	characteristic	ecotype	Col-0	http://www.ebi.ac.uk/efo/EFO_0005148
E-MTAB-7978		ERR3333432	characteristic	genotype	wild type genotype
E-MTAB-7978		ERR3333432	characteristic	organism	Arabidopsis thaliana	http://purl.obolibrary.org/obo/NCBITaxon_3702
E-MTAB-7978		ERR3333432	characteristic	organism part	silique	http://purl.obolibrary.org/obo/PO_0030106
E-MTAB-7978		ERR3333432	characteristic	sampling site	not applicable	http://purl.obolibrary.org/obo/NCIT_C48660
E-MTAB-7978		ERR3333432	factor	developmental stage	silique stage 3
E-MTAB-7978		ERR3333432	factor	organism part	silique	http://purl.obolibrary.org/obo/PO_0030106
E-MTAB-7978		ERR3333432	factor	sampling site	not applicable	http://purl.obolibrary.org/obo/NCIT_C48660
E-MTAB-7978		ERR3333433	characteristic	age	28 to 35 day
E-MTAB-7978		ERR3333433	characteristic	developmental stage	silique stage 2
E-MTAB-7978		ERR3333433	characteristic	ecotype	Col-0	http://www.ebi.ac.uk/efo/EFO_0005148
E-MTAB-7978		ERR3333433	characteristic	genotype	wild type genotype
E-MTAB-7978		ERR3333433	characteristic	organism	Arabidopsis thaliana	http://purl.obolibrary.org/obo/NCBITaxon_3702
E-MTAB-7978		ERR3333433	characteristic	organism part	silique	http://purl.obolibrary.org/obo/PO_0030106
E-MTAB-7978		ERR3333433	characteristic	sampling site	not applicable	http://purl.obolibrary.org/obo/NCIT_C48660
E-MTAB-7978		ERR3333433	factor	developmental stage	silique stage 2
E-MTAB-7978		ERR3333433	factor	organism part	silique	http://purl.obolibrary.org/obo/PO_0030106
E-MTAB-7978		ERR3333433	factor	sampling site	not applicable	http://purl.obolibrary.org/obo/NCIT_C48660
E-MTAB-7978		ERR3333434	characteristic	age	28 to 35 day
E-MTAB-7978		ERR3333434	characteristic	developmental stage	silique stage 4
E-MTAB-7978		ERR3333434	characteristic	ecotype	Col-0	http://www.ebi.ac.uk/efo/EFO_0005148
E-MTAB-7978		ERR3333434	characteristic	genotype	wild type genotype
E-MTAB-7978		ERR3333434	characteristic	organism	Arabidopsis thaliana	http://purl.obolibrary.org/obo/NCBITaxon_3702
E-MTAB-7978		ERR3333434	characteristic	organism part	silique	http://purl.obolibrary.org/obo/PO_0030106
E-MTAB-7978		ERR3333434	characteristic	sampling site	not applicable	http://purl.obolibrary.org/obo/NCIT_C48660
E-MTAB-7978		ERR3333434	factor	developmental stage	silique stage 4
E-MTAB-7978		ERR3333434	factor	organism part	silique	http://purl.obolibrary.org/obo/PO_0030106
E-MTAB-7978		ERR3333434	factor	sampling site	not applicable	http://purl.obolibrary.org/obo/NCIT_C48660
E-MTAB-7978		ERR3333435	characteristic	age	28 to 35 day
E-MTAB-7978		ERR3333435	characteristic	developmental stage	silique stage 5
E-MTAB-7978		ERR3333435	characteristic	ecotype	Col-0	http://www.ebi.ac.uk/efo/EFO_0005148
E-MTAB-7978		ERR3333435	characteristic	genotype	wild type genotype
E-MTAB-7978		ERR3333435	characteristic	organism	Arabidopsis thaliana	http://purl.obolibrary.org/obo/NCBITaxon_3702
E-MTAB-7978		ERR3333435	characteristic	organism part	silique	http://purl.obolibrary.org/obo/PO_0030106
E-MTAB-7978		ERR3333435	characteristic	sampling site	not applicable	http://purl.obolibrary.org/obo/NCIT_C48660
E-MTAB-7978		ERR3333435	factor	developmental stage	silique stage 5
E-MTAB-7978		ERR3333435	factor	organism part	silique	http://purl.obolibrary.org/obo/PO_0030106
E-MTAB-7978		ERR3333435	factor	sampling site	not applicable	http://purl.obolibrary.org/obo/NCIT_C48660
E-MTAB-7978		ERR3333436	characteristic	age	28 to 35 day
E-MTAB-7978		ERR3333436	characteristic	developmental stage	embryo stage 6
E-MTAB-7978		ERR3333436	characteristic	ecotype	Col-0	http://www.ebi.ac.uk/efo/EFO_0005148
E-MTAB-7978		ERR3333436	characteristic	genotype	wild type genotype
E-MTAB-7978		ERR3333436	characteristic	organism	Arabidopsis thaliana	http://purl.obolibrary.org/obo/NCBITaxon_3702
E-MTAB-7978		ERR3333436	characteristic	organism part	seed	http://purl.obolibrary.org/obo/PO_0009010
E-MTAB-7978		ERR3333436	characteristic	sampling site	not applicable	http://purl.obolibrary.org/obo/NCIT_C48660
E-MTAB-7978		ERR3333436	factor	developmental stage	embryo stage 6
E-MTAB-7978		ERR3333436	factor	organism part	seed	http://purl.obolibrary.org/obo/PO_0009010
E-MTAB-7978		ERR3333436	factor	sampling site	not applicable	http://purl.obolibrary.org/obo/NCIT_C48660
E-MTAB-7978		ERR3333437	characteristic	age	28 to 35 day
E-MTAB-7978		ERR3333437	characteristic	developmental stage	embryo stage 7
E-MTAB-7978		ERR3333437	characteristic	ecotype	Col-0	http://www.ebi.ac.uk/efo/EFO_0005148
E-MTAB-7978		ERR3333437	characteristic	genotype	wild type genotype
E-MTAB-7978		ERR3333437	characteristic	organism	Arabidopsis thaliana	http://purl.obolibrary.org/obo/NCBITaxon_3702
E-MTAB-7978		ERR3333437	characteristic	organism part	seed	http://purl.obolibrary.org/obo/PO_0009010
E-MTAB-7978		ERR3333437	characteristic	sampling site	not applicable	http://purl.obolibrary.org/obo/NCIT_C48660
E-MTAB-7978		ERR3333437	factor	developmental stage	embryo stage 7
E-MTAB-7978		ERR3333437	factor	organism part	seed	http://purl.obolibrary.org/obo/PO_0009010
E-MTAB-7978		ERR3333437	factor	sampling site	not applicable	http://purl.obolibrary.org/obo/NCIT_C48660
E-MTAB-7978		ERR3333438	characteristic	age	28 to 35 day
E-MTAB-7978		ERR3333438	characteristic	developmental stage	embryo stage 8
E-MTAB-7978		ERR3333438	characteristic	ecotype	Col-0	http://www.ebi.ac.uk/efo/EFO_0005148
E-MTAB-7978		ERR3333438	characteristic	genotype	wild type genotype
E-MTAB-7978		ERR3333438	characteristic	organism	Arabidopsis thaliana	http://purl.obolibrary.org/obo/NCBITaxon_3702
E-MTAB-7978		ERR3333438	characteristic	organism part	seed	http://purl.obolibrary.org/obo/PO_0009010
E-MTAB-7978		ERR3333438	characteristic	sampling site	not applicable	http://purl.obolibrary.org/obo/NCIT_C48660
E-MTAB-7978		ERR3333438	factor	developmental stage	embryo stage 8
E-MTAB-7978		ERR3333438	factor	organism part	seed	http://purl.obolibrary.org/obo/PO_0009010
E-MTAB-7978		ERR3333438	factor	sampling site	not applicable	http://purl.obolibrary.org/obo/NCIT_C48660
E-MTAB-7978		ERR3333439	characteristic	age	28 to 35 day
E-MTAB-7978		ERR3333439	characteristic	developmental stage	embryo stage 9
E-MTAB-7978		ERR3333439	characteristic	ecotype	Col-0	http://www.ebi.ac.uk/efo/EFO_0005148
E-MTAB-7978		ERR3333439	characteristic	genotype	wild type genotype
E-MTAB-7978		ERR3333439	characteristic	organism	Arabidopsis thaliana	http://purl.obolibrary.org/obo/NCBITaxon_3702
E-MTAB-7978		ERR3333439	characteristic	organism part	seed	http://purl.obolibrary.org/obo/PO_0009010
E-MTAB-7978		ERR3333439	characteristic	sampling site	not applicable	http://purl.obolibrary.org/obo/NCIT_C48660
E-MTAB-7978		ERR3333439	factor	developmental stage	embryo stage 9
E-MTAB-7978		ERR3333439	factor	organism part	seed	http://purl.obolibrary.org/obo/PO_0009010
E-MTAB-7978		ERR3333439	factor	sampling site	not applicable	http://purl.obolibrary.org/obo/NCIT_C48660
E-MTAB-7978		ERR3333440	characteristic	age	35 to 42 day
E-MTAB-7978		ERR3333440	characteristic	developmental stage	embryo stage 10
E-MTAB-7978		ERR3333440	characteristic	ecotype	Col-0	http://www.ebi.ac.uk/efo/EFO_0005148
E-MTAB-7978		ERR3333440	characteristic	genotype	wild type genotype
E-MTAB-7978		ERR3333440	characteristic	organism	Arabidopsis thaliana	http://purl.obolibrary.org/obo/NCBITaxon_3702
E-MTAB-7978		ERR3333440	characteristic	organism part	seed	http://purl.obolibrary.org/obo/PO_0009010
E-MTAB-7978		ERR3333440	characteristic	sampling site	not applicable	http://purl.obolibrary.org/obo/NCIT_C48660
E-MTAB-7978		ERR3333440	factor	developmental stage	embryo stage 10
E-MTAB-7978		ERR3333440	factor	organism part	seed	http://purl.obolibrary.org/obo/PO_0009010
E-MTAB-7978		ERR3333440	factor	sampling site	not applicable	http://purl.obolibrary.org/obo/NCIT_C48660
E-MTAB-7978		ERR3333441	characteristic	age	not available
E-MTAB-7978		ERR3333441	characteristic	developmental stage	dry seed stage	http://purl.obolibrary.org/obo/PO_0001040
E-MTAB-7978		ERR3333441	characteristic	ecotype	Col-0	http://www.ebi.ac.uk/efo/EFO_0005148
E-MTAB-7978		ERR3333441	characteristic	genotype	wild type genotype
E-MTAB-7978		ERR3333441	characteristic	organism	Arabidopsis thaliana	http://purl.obolibrary.org/obo/NCBITaxon_3702
E-MTAB-7978		ERR3333441	characteristic	organism part	seed	http://purl.obolibrary.org/obo/PO_0009010
E-MTAB-7978		ERR3333441	characteristic	sampling site	not applicable	http://purl.obolibrary.org/obo/NCIT_C48660
E-MTAB-7978		ERR3333441	factor	developmental stage	dry seed stage	http://purl.obolibrary.org/obo/PO_0001040
E-MTAB-7978		ERR3333441	factor	organism part	seed	http://purl.obolibrary.org/obo/PO_0009010
E-MTAB-7978		ERR3333441	factor	sampling site	not applicable	http://purl.obolibrary.org/obo/NCIT_C48660
E-MTAB-7978		ERR3333442	characteristic	age	not available
E-MTAB-7978		ERR3333442	characteristic	developmental stage	seed imbibition stage	http://purl.obolibrary.org/obo/PO_0007022
E-MTAB-7978		ERR3333442	characteristic	ecotype	Col-0	http://www.ebi.ac.uk/efo/EFO_0005148
E-MTAB-7978		ERR3333442	characteristic	genotype	wild type genotype
E-MTAB-7978		ERR3333442	characteristic	organism	Arabidopsis thaliana	http://purl.obolibrary.org/obo/NCBITaxon_3702
E-MTAB-7978		ERR3333442	characteristic	organism part	seed	http://purl.obolibrary.org/obo/PO_0009010
E-MTAB-7978		ERR3333442	characteristic	sampling site	not applicable	http://purl.obolibrary.org/obo/NCIT_C48660
E-MTAB-7978		ERR3333442	factor	developmental stage	seed imbibition stage	http://purl.obolibrary.org/obo/PO_0007022
E-MTAB-7978		ERR3333442	factor	organism part	seed	http://purl.obolibrary.org/obo/PO_0009010
E-MTAB-7978		ERR3333442	factor	sampling site	not applicable	http://purl.obolibrary.org/obo/NCIT_C48660
E-MTAB-7978		ERR3333443	characteristic	age	28 to 35 day
E-MTAB-7978		ERR3333443	characteristic	developmental stage	flower stage 15
E-MTAB-7978		ERR3333443	characteristic	ecotype	Col-0	http://www.ebi.ac.uk/efo/EFO_0005148
E-MTAB-7978		ERR3333443	characteristic	genotype	wild type genotype
E-MTAB-7978		ERR3333443	characteristic	organism	Arabidopsis thaliana	http://purl.obolibrary.org/obo/NCBITaxon_3702
E-MTAB-7978		ERR3333443	characteristic	organism part	pollen	http://purl.obolibrary.org/obo/PO_0025281
E-MTAB-7978		ERR3333443	characteristic	sampling site	not applicable	http://purl.obolibrary.org/obo/NCIT_C48660
E-MTAB-7978		ERR3333443	factor	developmental stage	flower stage 15
E-MTAB-7978		ERR3333443	factor	organism part	pollen	http://purl.obolibrary.org/obo/PO_0025281
E-MTAB-7978		ERR3333443	factor	sampling site	not applicable	http://purl.obolibrary.org/obo/NCIT_C48660
