<?xml version="1.0" encoding="UTF-8"?>

<configuration experimentType="rnaseq_mrna_baseline" r_data="1">
    <analytics>
        <assay_groups>
            <assay_group id="g3" label="leaf">
                <assay>SRR505744</assay>
            </assay_group>
            <assay_group id="g1" label="flower">
                <assay>SRR505745</assay>
            </assay_group>
            <assay_group id="g2" label="fruit">
                <assay>SRR505746</assay>
            </assay_group>
            <assay_group id="g4" label="root">
                <assay>SRR505743</assay>
            </assay_group>
        </assay_groups>
    </analytics>
</configuration>
