E-GEOD-38612		SRR505743	characteristic	age	2 week
E-GEOD-38612		SRR505743	characteristic	ecotype	Col-0	http://www.ebi.ac.uk/efo/EFO_0005148
E-GEOD-38612		SRR505743	characteristic	genotype	wild type
E-GEOD-38612		SRR505743	characteristic	growth condition	long day length regimen	http://purl.obolibrary.org/obo/EO_0007199
E-GEOD-38612		SRR505743	characteristic	organism	Arabidopsis thaliana	http://purl.obolibrary.org/obo/NCBITaxon_3702
E-GEOD-38612		SRR505743	characteristic	organism part	root	http://purl.obolibrary.org/obo/PO_0009005
E-GEOD-38612		SRR505743	factor	organism part	root	http://purl.obolibrary.org/obo/PO_0009005
E-GEOD-38612		SRR505744	characteristic	age	2 week
E-GEOD-38612		SRR505744	characteristic	ecotype	Col-0	http://www.ebi.ac.uk/efo/EFO_0005148
E-GEOD-38612		SRR505744	characteristic	genotype	wild type
E-GEOD-38612		SRR505744	characteristic	growth condition	long day length regimen	http://purl.obolibrary.org/obo/EO_0007199
E-GEOD-38612		SRR505744	characteristic	organism	Arabidopsis thaliana	http://purl.obolibrary.org/obo/NCBITaxon_3702
E-GEOD-38612		SRR505744	characteristic	organism part	leaf	http://purl.obolibrary.org/obo/PO_0025034
E-GEOD-38612		SRR505744	factor	organism part	leaf	http://purl.obolibrary.org/obo/PO_0025034
E-GEOD-38612		SRR505745	characteristic	age	5 week
E-GEOD-38612		SRR505745	characteristic	ecotype	Col-0	http://www.ebi.ac.uk/efo/EFO_0005148
E-GEOD-38612		SRR505745	characteristic	genotype	wild type
E-GEOD-38612		SRR505745	characteristic	growth condition	long day length regimen	http://purl.obolibrary.org/obo/EO_0007199
E-GEOD-38612		SRR505745	characteristic	organism	Arabidopsis thaliana	http://purl.obolibrary.org/obo/NCBITaxon_3702
E-GEOD-38612		SRR505745	characteristic	organism part	flower	http://purl.obolibrary.org/obo/PO_0009046
E-GEOD-38612		SRR505745	factor	organism part	flower	http://purl.obolibrary.org/obo/PO_0009046
E-GEOD-38612		SRR505746	characteristic	age	5 week
E-GEOD-38612		SRR505746	characteristic	ecotype	Col-0	http://www.ebi.ac.uk/efo/EFO_0005148
E-GEOD-38612		SRR505746	characteristic	genotype	wild type
E-GEOD-38612		SRR505746	characteristic	growth condition	long day length regimen	http://purl.obolibrary.org/obo/EO_0007199
E-GEOD-38612		SRR505746	characteristic	organism	Arabidopsis thaliana	http://purl.obolibrary.org/obo/NCBITaxon_3702
E-GEOD-38612		SRR505746	characteristic	organism part	fruit	http://purl.obolibrary.org/obo/PO_0009001
E-GEOD-38612		SRR505746	factor	organism part	fruit	http://purl.obolibrary.org/obo/PO_0009001
