<?xml version="1.0" encoding="UTF-8"?>

<configuration experimentType="rnaseq_mrna_baseline" r_data="1">
    <analytics>
        <assay_groups>
            <assay_group id="g2" label="root">
                <assay>SRR891293</assay>
            </assay_group>
            <assay_group id="g1" label="flower bud">
                <assay>SRR891324</assay>
            </assay_group>
            <assay_group id="g3" label="seed">
                <assay>SRR891267</assay>
            </assay_group>
        </assay_groups>
    </analytics>
</configuration>
